"","track_id","title","artist","popularity","genre","danceability","valence","album_id","album_name","album_release_date","playlist_name","playlist_id","subgenre","energy","key","loudness","mode","speechiness","acousticness","instrumentalness","liveness","tempo","duration_ms","valence.c"
"1","7sYAS4CpbV90oSemgaEQat","On & On","Alok",79,"pop",74.7,67,"2a9AGivapFES2j2ElI3odn","On & On","2019-11-22","Dance Room","37i9dQZF1DX2ENAPP1Tyed","dance pop",77.6,10,-5.898,0,7.22,2.33,0.00138,76.1,125.07,147027,18.8040571428571
"2","1YSwQvw1NrEPfA0j1iY8eV","All The Lies","Alok",56,"pop",70.7,63.4,"2FdyKqNeEX2H7gUhtlmJDC","All The Lies (Remixes)","2019-07-19","Cardio","37i9dQZF1DWSJHnPb1f0X3","dance pop",80.6,6,-4.777,1,17.5,0.908,0,36.6,119.972,163000,15.2040571428571
"3","39cmB3ZoTOLwOTq7tMNqKa","Hear Me Now","Alok",75,"pop",77.8,49.6,"6fpsA5aYbVNLe6y3P49o2o","Hear Me Now","2016","ElectroPop 2020","4frhr6RQM2fMOm2mpvOVo6","electropop",46.3,11,-7.603,1,3.89,54.6,0.289,7.31,121.999,194840,1.40405714285714
"4","2Dnb6yPGUq0vmGtxzm3bwi","The Wall","Alok",65,"pop",68.2,53.6,"0hH9tb1b4Z87g7SHmnriKa","The Wall","2019-06-28","Electropop","2Z5cPJ6Z4EVZAfF08amjvL","electropop",91,11,-2.314,1,4.31,0.953,6.73,7.32,122.943,159500,5.40405714285714
"5","1a5Yu5L18qNxVhXx38njON","Hear Me Now","Alok",52,"pop",78.8,46.1,"6apmeAAgvzvhBKio8WYThf","Hear Me Now","2016-01-01","Chillout & Remixes 💜","4NlAd9NpIa92IjErMyAriM","indie poptimism",43,11,-7.757,1,4.19,53.7,0.261,9.36,121.996,192846,-2.09594285714286
"6","74RrMiuSOzAHZEqLlC0BHz","Toda La Noche","Alok",45,"latin",73.5,61.6,"3GQZqxmeWL4dAJQKROGnbu","Toda La Noche","2018-05-25","Latin Pop Songs","5uOMV7g6vp8WxoqXfkzKaw","latin pop",81.9,0,-4.809,1,12.4,37.9,0,4.23,90.039,186667,13.4040571428571
"7","7sYAS4CpbV90oSemgaEQat","On & On","Alok",79,"edm",74.7,67,"2a9AGivapFES2j2ElI3odn","On & On","2019-11-22","Electro House Top Tracks","1G0q0NK7g3C0XerNqq7GbL","electro house",77.6,10,-5.898,0,7.22,2.33,0.00138,76.1,125.07,147027,18.8040571428571
"8","0Qp1IH1EkRCNabfgzxNMUT","The Wall","Alok",61,"edm",68.2,53.6,"4w68G9ohlk8eiePpr3Dd4a","The Wall","2019-06-28","EDM 2020 House & Dance","25ButZrVb1Zj1MJioMs09D","electro house",91,11,-2.314,1,4.31,0.953,6.73,7.32,122.943,159500,5.40405714285714
"9","36C0Gw2RmYWy5aEpMPaQ0e","Tell Me Why","Alok",61,"edm",56.1,19.5,"1R2C7EG1sDRGnKSxGmLU4o","Tell Me Why","2019-08-30","Club Mix 2020 🍹","7sq6nuruoMyDhEWkX2oYOg","electro house",90.9,11,-3.66,0,3.91,0.527,0.0205,35.1,123.03,161951,-28.6959428571429
"10","1UTXQrmAL4oladIwc1PWSh","Metaphor","Alok",61,"edm",56.7,26.7,"2ds371eeP7JXPUhBCk26eH","Metaphor","2019-02-01","PAROOKAVILLE - Big Room","6vbHQdtfmexb0ptmBSpemm","big room",95.1,8,-5.087,0,3.88,2.13,30.2,10.1,138.03,202000,-21.4959428571429
"11","0sfgF2kM3yrZbkLmAbjSo6","Vale Vale","Alok",56,"edm",47.5,30.5,"2llEFasK0tmnuR08L2zlYs","Vale Vale","2019-08-09","Big Room EDM - by Spinnin' Records","7xWdFCrU5Gka6qp1ODrSdK","big room",89.6,1,-5.696,0,7.65,0.0332,7.34,42.9,133.998,193433,-17.6959428571429
"12","6PqUdUGS4h5aGY7YyEGXr8","All The Lies","Alok",71,"edm",61.1,67.2,"4JFyas1xaX9NnAvRP9DhKF","All The Lies","2019-03-15","EDM 2019","1T0ed6Mg0QIruHvcoWWIKy","pop edm",83.5,6,-4.107,1,13.9,16.7,0,10.7,102.023,179457,19.0040571428571
"13","0Qp1IH1EkRCNabfgzxNMUT","The Wall","Alok",61,"edm",68.2,53.6,"4w68G9ohlk8eiePpr3Dd4a","The Wall","2019-06-28","EDM 2020 House & Dance","25ButZrVb1Zj1MJioMs09D","pop edm",91,11,-2.314,1,4.31,0.953,6.73,7.32,122.943,159500,5.40405714285714
"14","7sYAS4CpbV90oSemgaEQat","On & On","Alok",79,"edm",74.7,67,"2a9AGivapFES2j2ElI3odn","On & On","2019-11-22","Verão 2020 | Pop | Funk | Sertanejo | EDM | Top Hits 2019 - As Mais Tocadas","5HmZtuuIDMtIy21kylqhx6","pop edm",77.6,10,-5.898,0,7.22,2.33,0.00138,76.1,125.07,147027,18.8040571428571
"15","2JVbZEpewmqNlSzmXJTx2E","Favela","Alok",69,"edm",77.7,28.3,"16QR0dsvnAghkCk31Q1Qd3","Favela","2018-08-17","Verão 2020 | Pop | Funk | Sertanejo | EDM | Top Hits 2019 - As Mais Tocadas","5HmZtuuIDMtIy21kylqhx6","pop edm",81.2,2,-3.206,0,5.98,1.25,0.233,2.64,103.023,185105,-19.8959428571429
"16","7sYAS4CpbV90oSemgaEQat","On & On","Alok",79,"edm",74.7,67,"2a9AGivapFES2j2ElI3odn","On & On","2019-11-22","Epic Bass Drops | Best House Mixes","4IS7o1utOzhimFEFnj9gmu","progressive electro house",77.6,10,-5.898,0,7.22,2.33,0.00138,76.1,125.07,147027,18.8040571428571
"17","36C0Gw2RmYWy5aEpMPaQ0e","Tell Me Why","Alok",61,"edm",56.1,19.5,"1R2C7EG1sDRGnKSxGmLU4o","Tell Me Why","2019-08-30","Epic Bass Drops | Best House Mixes","4IS7o1utOzhimFEFnj9gmu","progressive electro house",90.9,11,-3.66,0,3.91,0.527,0.0205,35.1,123.03,161951,-28.6959428571429
"18","0Qp1IH1EkRCNabfgzxNMUT","The Wall","Alok",61,"edm",68.2,53.6,"4w68G9ohlk8eiePpr3Dd4a","The Wall","2019-06-28","Epic Bass Drops | Best House Mixes","4IS7o1utOzhimFEFnj9gmu","progressive electro house",91,11,-2.314,1,4.31,0.953,6.73,7.32,122.943,159500,5.40405714285714
"19","1UTXQrmAL4oladIwc1PWSh","Metaphor","Alok",61,"edm",56.7,26.7,"2ds371eeP7JXPUhBCk26eH","Metaphor","2019-02-01","Epic Bass Drops | Best House Mixes","4IS7o1utOzhimFEFnj9gmu","progressive electro house",95.1,8,-5.087,0,3.88,2.13,30.2,10.1,138.03,202000,-21.4959428571429
"20","7tKnaB8gsXxyPScxEwzQ9N","Stockholm","Atlas Genius",52,"pop",56.8,40.9,"3jQxdLlKciB0WQncSVhM39","Inanimate Objects","2015-08-28","Indie Poptimism","1pZWCY50kMUhshcESknir8","indie poptimism",74.6,7,-5.437,1,4.62,0.54,0,16.2,125.04,191640,-7.29594285714286
"21","5ZmQEfpxN3WYJgfkU5z5WA","When It Was Now","Atlas Genius",25,"pop",66.2,84.6,"5Ix8zXCxsX8YCGAThyBVE8","When It Was Now (Deluxe Version)","2013-02-19","Indie Poptimism","21nxmipQe5xtXoHHPaYfnY","indie poptimism",91.7,9,-4.308,0,4.03,0.811,0,7.04,141.952,209707,36.4040571428571
"22","0NI2W5tqkfMWwY1nhl0iPe","Can't Be Alone Tonight","Atlas Genius",46,"pop",55.9,44.3,"6zlGZpLqzrPmYa44h8jhkm","Can't Be Alone Tonight","2019-01-18","Indie Poptimism","21nxmipQe5xtXoHHPaYfnY","indie poptimism",83.3,6,-4.332,1,8.95,4.4,0,34.9,99.991,237027,-3.89594285714286
"23","0wDEiGfq4pw7FAkYKpkwMo","Trojans","Atlas Genius",60,"rock",72.1,53.6,"3yhETmhJwSVSLGDyTJgnqo","When It Was Now","2013-02-18","permanent wave","3uFyGoayrP71xS6T6Y8Bh2","permanent wave",82.2,7,-4.843,1,3.91,1.13,0.00701,8.98,140.002,217387,5.40405714285714
"24","5TgS4dcUAU8EEb506d8wAT","Ghost","Au/Ra",72,"pop",66.7,58.4,"0ol5Chz853Na284gRXNVvJ","Ghost","2019-10-17","Dance Pop Tunes","4SdfG4cPG3skmTiQLozZGh","dance pop",50.3,0,-8.217,0,5.26,55.2,0,16.9,144.015,177630,10.2040571428571
"25","7uUahoeqGNRMbpdeiLj1rS","Panic Room","Au/Ra",75,"pop",49.5,6.36,"3F83QiIRImUneMzZdSaTTM","Panic Room","2018-02-09","Intro to Indie Poptimism","6Ylmweq4pT7j3ScIv5uq1c","indie poptimism",42.6,8,-9.434,1,7.36,15.2,0.000565,9.9,97.91,237773,-41.8359428571429
"26","2SRBUah0IJcE8hiVxvuAUX","Ghost - The Him Remix","Au/Ra",44,"edm",59.1,57.9,"2LXafn7KFzzPAzvLd1rp0H","Ghost (Remixes)","2019-12-06","Electro House Top Tracks","1G0q0NK7g3C0XerNqq7GbL","electro house",82.5,0,-4.02,0,7.68,9.22,0,14.8,126.064,184762,9.70405714285714
"27","1rlNpTZ4vEU69lBnC4z7Kt","Panic Room - Club Mix","Au/Ra",46,"edm",66.3,28.3,"0I1FZLxw8XWEwQMLMAlTkp","Panic Room","2018-07-28","💊ELECTRO-HOUSE-TECH💊","0AFYmoSuoMQiGGjzvBwr6u","electro house",86.6,7,-7.046,0,3.69,0.125,40,3.46,122.997,425123,-19.8959428571429
"28","3MkuFR7t25mu7Iscp6GGiV","Panic Room","Au/Ra",67,"edm",57.8,25.5,"0I1FZLxw8XWEwQMLMAlTkp","Panic Room","2018-07-28","Deep Electronic Music 2020 & Progressive House","5CMvAWTlDPdZnkleiTHyyo","progressive electro house",88.3,10,-6.423,1,2.98,2.59,7.06,11.8,122.987,214483,-22.6959428571429
"29","0rzNMzZsubFcXSEh7dnem7","Hold Up","Beyoncé",75,"pop",52.4,55.2,"7dK54iZuOxXFarGhXwEXfF","Lemonade","2016-04-23","Pop Inglés (2020 - 2010s)💙 Música En Inglés 2010s","4QAzO1Z92yqqD6Mf3mOANu","dance pop",39.7,0,-11.936,1,40.5,74.5,0,52.1,80.744,221093,7.00405714285714
"30","4JehYebiI9JE8sR8MisGVb","Halo","Beyoncé",77,"pop",50.8,47.2,"39P7VD7qlg3Z0ltq60eHp7","I AM...SASHA FIERCE","2008-11-14","Pop Inglés (2020 - 2010s)💙 Música En Inglés 2010s","4QAzO1Z92yqqD6Mf3mOANu","dance pop",72,11,-5.908,0,6.28,27.2,0,5.63,79.983,261640,-0.995942857142865
"31","1uXbwHHfgsXcUKfSZw5ZJ0","Run the World (Girls)","Beyoncé",75,"pop",73.3,76,"1gIC63gC3B7o7FfpPACZQJ","4","2011-06-24","Pop Inglés (2020 - 2010s)💙 Música En Inglés 2010s","4QAzO1Z92yqqD6Mf3mOANu","dance pop",89.9,0,-4.237,1,14.3,0.496,0.00472,37.2,127.086,236093,27.8040571428571
"32","1uXbwHHfgsXcUKfSZw5ZJ0","Run the World (Girls)","Beyoncé",75,"pop",73.3,76,"1gIC63gC3B7o7FfpPACZQJ","4","2011-06-24","post-teen alternative, indie, pop (large variety)","1y42gwI5cuwjBslPyQNfqb","post-teen pop",89.9,0,-4.237,1,14.3,0.496,0.00472,37.2,127.086,236093,27.8040571428571
"33","2MfOcbtgz2yTsiznFmVZUN","Halo","Beyoncé",66,"pop",50.8,47.2,"20E3PwDg1jaDdK9K565luD","I AM...SASHA FIERCE","2008-11-12","Post pop teen","222nc9tKxKhfZ2GBrOpwH3","post-teen pop",72,11,-5.908,0,6.28,27.2,0,5.63,79.983,261640,-0.995942857142865
"34","6RX5iL93VZ5fKmyvNXvF1r","Irreplaceable","Beyoncé",72,"pop",44.7,50.9,"0Zd10MKN5j9KwUST0TdBBB","B'Day Deluxe Edition","2007-05-29","BALLARE - رقص","1CMvQ4Yr5DlYvYzI0Vc2UE","post-teen pop",69.4,7,-4.637,0,38.2,2.93,0.000546,16.7,175.868,227853,2.70405714285714
"35","0TwBtDAWpkpM3srywFVOV5","Crazy In Love (feat. Jay-Z)","Beyoncé",69,"pop",66.4,70.1,"06v9eHnqhMK2tbM2Iz3p0Y","Dangerously In Love","2003-03-10","BALLARE - رقص","1CMvQ4Yr5DlYvYzI0Vc2UE","post-teen pop",75.8,2,-6.583,0,21,0.238,0,5.98,99.259,235933,21.9040571428571
"36","02M6vucOvmRfMxTXDUwRXu","7/11","Beyoncé",71,"pop",74.7,56,"2UJwKSBUz6rtW4QLK74kQu","BEYONCÉ [Platinum Edition]","2014-11-24","ELECTROPOP","2UsEj2GUukV0GLbsE3rldz","electropop",70.5,9,-5.137,0,12.6,1.28,0,12.6,136.024,213507,7.80405714285715
"37","02M6vucOvmRfMxTXDUwRXu","7/11","Beyoncé",71,"rap",74.7,56,"2UJwKSBUz6rtW4QLK74kQu","BEYONCÉ [Platinum Edition]","2014-11-24","◤ Hip Hop Dance Music – Urban – Trap – Breaking Locking Popping Bopping – WOD – World of Dance","0Hr2h94pKN8QAGVAgD6BsD","southern hip hop",70.5,9,-5.137,0,12.6,1.28,0,12.6,136.024,213507,7.80405714285715
"38","63wKtmUg754umO8SglEL79","Jealous","Beyoncé",55,"rap",58.9,23.6,"2UJwKSBUz6rtW4QLK74kQu","BEYONCÉ [Platinum Edition]","2014-11-24","◤ Hip Hop Dance Music – Urban – Trap – Breaking Locking Popping Bopping – WOD – World of Dance","0Hr2h94pKN8QAGVAgD6BsD","southern hip hop",54.1,8,-10.087,1,16.3,12.2,0.414,8.82,133.97,184013,-24.5959428571429
"39","5R9a4t5t5O0IsznsrKPVro","Single Ladies (Put a Ring on It)","Beyoncé",69,"latin",42.6,27.2,"39P7VD7qlg3Z0ltq60eHp7","I AM...SASHA FIERCE","2008-11-14","Today's Hits 2000-Present","6a66cg3HcsjYkisYyQcov6","latin hip hop",58.4,1,-5.293,1,29.6,3.83,0,18.8,193.437,193213,-20.9959428571429
"40","5IVuqXILoxVWvWEPm82Jxr","Crazy In Love (feat. Jay-Z)","Beyoncé",75,"latin",64.6,68.1,"6oxVabMIqCMJRYN1GqR3Vf","Dangerously In Love","2003-06-24","School Dance 2019 (Squeaky Clean)","0SqaMfNsngZCpPw0UuelA7","latin hip hop",77,2,-6.596,0,22.6,0.249,0,7.15,99.165,236133,19.9040571428571
"41","6tgEc2O1uFHcZDKPoo6PC8","ALREADY","Beyoncé",69,"r&b",64.7,54.8,"552zi1M53PQAX5OH4FIdTx","The Lion King: The Gift","2019-07-19","Contemporary Urban","6wyJ4bsjZaUKa9f6GeZlAO","urban contemporary",73.2,2,-5.846,1,8.91,8.46,0,59.7,67.295,222529,6.60405714285714
"42","7oqftogUN82Q7VNy2TmTJW","MOOD 4 EVA (feat. Oumou Sangaré)","Beyoncé",64,"r&b",60.8,70.9,"552zi1M53PQAX5OH4FIdTx","The Lion King: The Gift","2019-07-19","New R&B‏‏​​   ‍","4I6rTSxqKl1LRvES2O9owQ","urban contemporary",70.9,7,-6.175,1,37.4,11.9,0,33.7,105.742,272069,22.7040571428571
"43","6XsT5UGfpaFeHQf5LRIy4W","Me, Myself and I","Beyoncé",66,"r&b",75,53.6,"6oxVabMIqCMJRYN1GqR3Vf","Dangerously In Love","2003-06-24","urban contemporary","7en9i0JMyJlRFX4r4XrXXx","urban contemporary",45.8,1,-9.092,1,8.03,22.6,0.00325,13.7,83.61,301133,5.40405714285714
"44","02M6vucOvmRfMxTXDUwRXu","7/11","Beyoncé",71,"r&b",74.7,56,"2UJwKSBUz6rtW4QLK74kQu","BEYONCÉ [Platinum Edition]","2014-11-24","Urban/Trap - Contemporary RAP","5CK0fshHcik1vWyeCc0zat","urban contemporary",70.5,9,-5.137,0,12.6,1.28,0,12.6,136.024,213507,7.80405714285715
"45","26NX1wPt1TRCH536yocd6i","If I Were a Boy","Beyoncé",68,"r&b",63.2,42.7,"23Y5wdyP5byMFktZf8AcWU","I AM...SASHA FIERCE","2008-11-14","urban CONTEMPORARY","1nFfDHtp8RY3obgen8KODl","urban contemporary",51.8,6,-6.126,1,3.13,10.7,0,35.4,90.007,249147,-5.49594285714286
"46","7rLDARtJALM7QdiJDMXW7m","Pray You Catch Me","Beyoncé",62,"r&b",25,7.46,"7dK54iZuOxXFarGhXwEXfF","Lemonade","2016-04-23","urban CONTEMPORARY","1nFfDHtp8RY3obgen8KODl","urban contemporary",21.5,8,-13.676,0,3.7,63.2,7.17,40.1,174.824,195987,-40.7359428571429
"47","2bOWJIYSbhwg2NMQq1QMYH","Forward (feat. James Blake)","Beyoncé",56,"r&b",38.7,4.98,"7dK54iZuOxXFarGhXwEXfF","Lemonade","2016-04-23","urban CONTEMPORARY","1nFfDHtp8RY3obgen8KODl","urban contemporary",13.3,7,-15.633,0,4.74,94.7,5.91,10.7,124.397,79200,-43.2159428571429
"48","4JehYebiI9JE8sR8MisGVb","Halo","Beyoncé",77,"r&b",50.8,47.2,"39P7VD7qlg3Z0ltq60eHp7","I AM...SASHA FIERCE","2008-11-14","urban CONTEMPORARY","1nFfDHtp8RY3obgen8KODl","urban contemporary",72,11,-5.908,0,6.28,27.2,0,5.63,79.983,261640,-0.995942857142865
"49","6g0Orsxv6glTJCt4cHsRsQ","Formation","Beyoncé",77,"r&b",89.6,81.8,"7dK54iZuOxXFarGhXwEXfF","Lemonade","2016-04-23","Feeling Accomplished","37i9dQZF1DWTDafB3skWPN","hip pop",62.1,5,-6.857,0,23.7,0.532,0,19.6,121.966,206080,33.6040571428571
"50","0rzNMzZsubFcXSEh7dnem7","Hold Up","Beyoncé",75,"r&b",52.4,55.2,"7dK54iZuOxXFarGhXwEXfF","Lemonade","2016-04-23","Feeling Accomplished","37i9dQZF1DWTDafB3skWPN","hip pop",39.7,0,-11.936,1,40.5,74.5,0,52.1,80.744,221093,7.00405714285714
"51","5hgnY0mVcVetszbb85qeDg","Partition","Beyoncé",71,"r&b",41.2,17.4,"2UJwKSBUz6rtW4QLK74kQu","BEYONCÉ [Platinum Edition]","2014-11-24","Feeling Accomplished","37i9dQZF1DWTDafB3skWPN","hip pop",44.1,11,-11.523,0,29.1,2.96,7.26,30.6,185.571,319467,-30.7959428571429
"52","02M6vucOvmRfMxTXDUwRXu","7/11","Beyoncé",71,"r&b",74.7,56,"2UJwKSBUz6rtW4QLK74kQu","BEYONCÉ [Platinum Edition]","2014-11-24","Feeling Accomplished","37i9dQZF1DWTDafB3skWPN","hip pop",70.5,9,-5.137,0,12.6,1.28,0,12.6,136.024,213507,7.80405714285715
"53","6XsT5UGfpaFeHQf5LRIy4W","Me, Myself and I","Beyoncé",66,"r&b",75,53.6,"6oxVabMIqCMJRYN1GqR3Vf","Dangerously In Love","2003-06-24","Neo Soul Music","78RRvktrPMSqAoCI21mNOe","neo soul",45.8,1,-9.092,1,8.03,22.6,0.00325,13.7,83.61,301133,5.40405714285714
"54","58VTMFtsoe0E0vSX1pV03h","Blame It on the Boom Boom","Black Stone Cherry",57,"rap",57.4,78.4,"5VppVyy751PTQWrfJbrJ4H","Between The Devil & The Deep Blue Sea (Special Edition)","2011-01-01","Badass Rock","44bkJI1QGkT2O0GYJSsbkp","southern hip hop",88.9,10,-3.44,1,5.24,0.207,0.00112,3.33,116.007,189133,30.2040571428571
"55","3UWYmWg9j8KVV08ANBqcLB","White Trash Millionaire","Black Stone Cherry",56,"rap",48.5,49.4,"5VppVyy751PTQWrfJbrJ4H","Between The Devil & The Deep Blue Sea (Special Edition)","2011-01-01","Badass Rock","44bkJI1QGkT2O0GYJSsbkp","southern hip hop",89.8,4,-3.75,1,5.68,0.0776,0.244,64.2,99.983,198680,1.20405714285714
"56","2lmg77G2ypL40xfIqwFbI9","Me And Mary Jane","Black Stone Cherry",49,"rap",45.8,69.5,"7dbQ5p2bGqE14WzDNMvi9N","Magic Mountain","2014-05-02","Badass Rock","44bkJI1QGkT2O0GYJSsbkp","southern hip hop",93.1,6,-3.806,0,11.1,0.14,0.0105,13.5,84.954,248147,21.3040571428571
"57","5bHC9aYva39pR1mmFMFVxu","Rain Wizard","Black Stone Cherry",38,"rap",24.5,64.8,"5XzjYognRznsIgYqmrHkGV","Black Stone Cherry","2006-07-17","Badass Rock","44bkJI1QGkT2O0GYJSsbkp","southern hip hop",80.5,6,-3.778,0,4.5,0.0287,0.0225,27.5,171.272,204760,16.6040571428571
"58","0aIXTE8LOTPZZtx6woNmAn","Be Cowboy (PBR Anthem)","Black Stone Cherry",41,"rock",42.2,77,"11tH8eXeuuNZU68i0Ax1Py","Be Cowboy (PBR Anthem)","2019-10-25","Hard Rock","37i9dQZF1DX1X7WV84927n","hard rock",91.3,11,-4.658,1,8.58,0.112,0.00475,25.6,164.892,159759,28.8040571428571
"59","7avvBGQq0tH4nY95guF7fP","Can't You See","Black Stone Cherry",54,"rock",39.8,41.1,"5VppVyy751PTQWrfJbrJ4H","Between The Devil & The Deep Blue Sea (Special Edition)","2011-01-01","HARD ROCK CAFE","55ybnG2z8rpTIerRfnCsw6","hard rock",84.6,11,-4.217,1,4.41,0.0469,0.00246,17.2,149.893,211160,-7.09594285714287
"60","6YuFrGKapNrKSDVnBmcBj3","Journey Feat. Emma Carn - Radio Mix","BUNT.",30,"pop",50.3,40.9,"0n72hAyauVXorzS1fqAabl","Journey","2014-10-17","Chillout & Remixes 💜","4NlAd9NpIa92IjErMyAriM","indie poptimism",43.8,0,-17.995,1,4.85,31.8,11.1,9.13,123.824,236129,-7.29594285714286
"61","66MrwENuBlVccH7t848vjD","Journey - Radio Mix","BUNT.",48,"latin",50.2,40.7,"00UHyngepmD0QYZ0rK3anF","Journey","2014-09-26","Tropical House","37i9dQZF1DX0AMssoUKCz7","tropical",43.7,0,-17.997,1,4.82,31.8,10.6,9.16,123.913,236129,-7.49594285714286
"62","38tGRxFP5NkWbtOWsXbQ0L","Old Guitar","BUNT.",49,"latin",48.6,46.9,"5OMuOXDJwxGMLXvPj9kvqz","Old Guitar","2016-01-27","Tropical Morning","0vbtbmyihyvl2MVYrdKdGw","tropical",85.4,0,-4.859,1,5.69,7.39,0.00107,35.8,123.942,208548,-1.29594285714286
"63","2GZ3lgmg8Dga8XDxDm52rs","La Vida Me Hizo Cabron","C-Kan",49,"rap",78.8,79.7,"5d4dGixofnNvvLfUzxvpkb","La Vida Me Hizo Cabron","2019-12-27","Arena Hip-Hop","37i9dQZF1DWVFZbCNivv6B","hip hop",88.9,11,-2.845,1,5.47,6.69,0.000176,24.4,142.959,203811,31.5040571428571
"64","2NL5Cwq6lZZkXGTWhKhhvC","Santa Maria","C-Kan",48,"rap",65.6,40.8,"72g5Dfn8G8L03RVVrKQfms","Santa Maria","2019-10-25","Arena Hip-Hop","37i9dQZF1DWVFZbCNivv6B","hip hop",49.9,10,-11.958,0,10.3,32.3,0,37.4,91.924,180003,-7.39594285714286
"65","1VRtV2JlMRo4ZrAyCKTb2v","M-E-X-I-C-O","C-Kan",48,"rap",65.4,86,"3i3hD84ypGIseYsZw8m05P","Voy Por El Sueño de Muchos","2012-12-11","Mexican Gangsta Rap","28Ke4pXWqF2A5b2GfQ1pQt","gangster rap",81.7,10,-4.832,0,31.3,2.28,0,21.6,174.055,272342,37.8040571428571
"66","3f04ysVYLQoaKFHLHjezws","Un Par De Balas","C-Kan",57,"rap",81.6,79,"6vPMTvNEFkY9V7nxFgxjHZ","Clasificación C Vol.1","2014-07-22","Mexican Gangsta Rap","28Ke4pXWqF2A5b2GfQ1pQt","gangster rap",81.3,8,-3.124,1,36.1,44.8,0,15.3,171.816,228092,30.8040571428571
"67","0ofbQMrRDsUaVKq2mGLEAb","Havana","Camila Cabello",26,"pop",76.8,41.8,"5chBPOVY2I0bG5V3igb5QL","Havana","2017-08-03","Pop Inglés (2020 - 2010s)💙 Música En Inglés 2010s","4QAzO1Z92yqqD6Mf3mOANu","dance pop",51.7,7,-4.323,0,3.12,18.6,0.0038,10.4,104.992,216897,-6.39594285714286
"68","40nPimvmG05WYS7983bawZ","Cry for Me","Camila Cabello",73,"pop",72.1,65.3,"2dq4ae5hiyxlFPG1s8rlq5","Cry for Me","2019-10-04","Pop Inglés (2020 - 2010s)💙 Música En Inglés 2010s","4QAzO1Z92yqqD6Mf3mOANu","dance pop",80.5,9,-4.134,0,9.27,5,0,15.3,118.058,189133,17.1040571428571
"69","7LzouaWGFCy4tkXDOOnEyM","Liar","Camila Cabello",87,"pop",74,65.2,"3xgS4rfthlsvhW7J2WLiiR","Liar","2019-09-04","Pop Inglés (2020 - 2010s)💙 Música En Inglés 2010s","4QAzO1Z92yqqD6Mf3mOANu","dance pop",49.8,11,-6.684,0,4.56,1.69,0.282,31.9,98.016,207039,17.0040571428571
"70","7LzouaWGFCy4tkXDOOnEyM","Liar","Camila Cabello",87,"pop",74,65.2,"3xgS4rfthlsvhW7J2WLiiR","Liar","2019-09-04","Pop - Pop UK - 2019 - Canadian Pop - 2019 - Pop","46Cl6dmeiylK6TRGXr7hHe","post-teen pop",49.8,11,-6.684,0,4.56,1.69,0.282,31.9,98.016,207039,17.0040571428571
"71","46D0hYb1B7qiU33VtXt21W","Easy","Camila Cabello",78,"pop",57.4,35.5,"514p9UpvibpBhShFgpZaxS","Easy","2019-10-11","Pop - Pop UK - 2019 - Canadian Pop - 2019 - Pop","46Cl6dmeiylK6TRGXr7hHe","post-teen pop",59.3,4,-5.731,0,4.63,41.1,0.000155,9.66,128.073,194686,-12.6959428571429
"72","40nPimvmG05WYS7983bawZ","Cry for Me","Camila Cabello",73,"pop",72.1,65.3,"2dq4ae5hiyxlFPG1s8rlq5","Cry for Me","2019-10-04","Pop - Pop UK - 2019 - Canadian Pop - 2019 - Pop","46Cl6dmeiylK6TRGXr7hHe","post-teen pop",80.5,9,-4.134,0,9.27,5,0,15.3,118.058,189133,17.1040571428571
"73","3yOlyBJuViE2YSGn3nVE1K","My Oh My (feat. DaBaby)","Camila Cabello",94,"pop",72.4,38.3,"3Vsbl0diFGw8HNSjG8ue9m","Romance","2019-12-06","The Sound of Post-Teen Pop","10FCW9lj0NdeoYI5VVvVtY","post-teen pop",49.1,8,-6.024,1,2.96,1.8,0.00129,8.87,105.046,170746,-9.89594285714286
"74","7DoNtK2gVFRwJh0hkHe5wQ","Easy","Camila Cabello",73,"pop",57.4,35.5,"3Vsbl0diFGw8HNSjG8ue9m","Romance","2019-12-06","post-teen alternative, indie, pop (large variety)","1y42gwI5cuwjBslPyQNfqb","post-teen pop",59.3,4,-5.731,0,4.63,41.1,0.000155,9.66,128.073,194686,-12.6959428571429
"75","073ILU1C3APNRGF66VhtyA","Liar","Camila Cabello",77,"pop",74,65.2,"3Vsbl0diFGw8HNSjG8ue9m","Romance","2019-12-06","post-teen alternative, indie, pop (large variety)","1y42gwI5cuwjBslPyQNfqb","post-teen pop",49.8,11,-6.684,0,4.56,1.69,0.282,31.9,98.016,207039,17.0040571428571
"76","2ogKhhoMClkFXek7ZgxAhN","Shameless","Camila Cabello",73,"pop",37.7,8.51,"3Vsbl0diFGw8HNSjG8ue9m","Romance","2019-12-06","post-teen alternative, indie, pop (large variety)","1y42gwI5cuwjBslPyQNfqb","post-teen pop",65.1,4,-5.437,0,5.88,1.97,0.00531,17.4,129.698,219742,-39.6859428571429
"77","1Ff71LUQO0KBk5Slu3K6Vu","Cry for Me","Camila Cabello",70,"pop",72.1,65.3,"3Vsbl0diFGw8HNSjG8ue9m","Romance","2019-12-06","post-teen alternative, indie, pop (large variety)","1y42gwI5cuwjBslPyQNfqb","post-teen pop",80.5,9,-4.134,0,9.27,5,0,15.3,118.058,189133,17.1040571428571
"78","1rfofaqEpACxVEHIZBJe6W","Havana (feat. Young Thug)","Camila Cabello",84,"pop",76.5,39.4,"2vD3zSQr8hNlg0obNel4TE","Camila","2018-01-12","Post pop teen","222nc9tKxKhfZ2GBrOpwH3","post-teen pop",52.3,2,-4.333,1,3,18.4,0.00356,13.2,104.988,217307,-8.79594285714286
"79","0ofbQMrRDsUaVKq2mGLEAb","Havana","Camila Cabello",26,"pop",76.8,41.8,"5chBPOVY2I0bG5V3igb5QL","Havana","2017-08-03","BALLARE - رقص","1CMvQ4Yr5DlYvYzI0Vc2UE","post-teen pop",51.7,7,-4.323,0,3.12,18.6,0.0038,10.4,104.992,216897,-6.39594285714286
"80","1rfofaqEpACxVEHIZBJe6W","Havana (feat. Young Thug)","Camila Cabello",84,"pop",76.5,39.4,"2vD3zSQr8hNlg0obNel4TE","Camila","2018-01-12","10er Playlist","1kEczIkZH8IgaWT2BiApxZ","electropop",52.3,2,-4.333,1,3,18.4,0.00356,13.2,104.988,217307,-8.79594285714286
"81","7LzouaWGFCy4tkXDOOnEyM","Liar","Camila Cabello",87,"pop",74,65.2,"3xgS4rfthlsvhW7J2WLiiR","Liar","2019-09-04","POPTIMISM","6lWMi4lPiiPwDqn8ZpeyAY","indie poptimism",49.8,11,-6.684,0,4.56,1.69,0.282,31.9,98.016,207039,17.0040571428571
"82","3yOlyBJuViE2YSGn3nVE1K","My Oh My (feat. DaBaby)","Camila Cabello",94,"pop",72.4,38.3,"3Vsbl0diFGw8HNSjG8ue9m","Romance","2019-12-06","indie poptimism🕺🏻","6MQeEHHDs6HQkN5Dlj3oKo","indie poptimism",49.1,8,-6.024,1,2.96,1.8,0.00129,8.87,105.046,170746,-9.89594285714286
"83","3yOlyBJuViE2YSGn3nVE1K","My Oh My (feat. DaBaby)","Camila Cabello",94,"latin",72.4,38.3,"3Vsbl0diFGw8HNSjG8ue9m","Romance","2019-12-06","2020 Hits & 2019  Hits – Top Global Tracks 🔥🔥🔥","4JkkvMpVl4lSioqQjeAL0q","latin pop",49.1,8,-6.024,1,2.96,1.8,0.00129,8.87,105.046,170746,-9.89594285714286
"84","7LzouaWGFCy4tkXDOOnEyM","Liar","Camila Cabello",87,"latin",74,65.2,"3xgS4rfthlsvhW7J2WLiiR","Liar","2019-09-04","2020 Hits & 2019  Hits – Top Global Tracks 🔥🔥🔥","4JkkvMpVl4lSioqQjeAL0q","latin pop",49.8,11,-6.684,0,4.56,1.69,0.282,31.9,98.016,207039,17.0040571428571
"85","3yOlyBJuViE2YSGn3nVE1K","My Oh My (feat. DaBaby)","Camila Cabello",94,"latin",72.4,38.3,"3Vsbl0diFGw8HNSjG8ue9m","Romance","2019-12-06","2020 Hits & 2019  Hits – Top Global Tracks 🔥🔥🔥","4JkkvMpVl4lSioqQjeAL0q","latin hip hop",49.1,8,-6.024,1,2.96,1.8,0.00129,8.87,105.046,170746,-9.89594285714286
"86","7LzouaWGFCy4tkXDOOnEyM","Liar","Camila Cabello",87,"latin",74,65.2,"3xgS4rfthlsvhW7J2WLiiR","Liar","2019-09-04","2020 Hits & 2019  Hits – Top Global Tracks 🔥🔥🔥","4JkkvMpVl4lSioqQjeAL0q","latin hip hop",49.8,11,-6.684,0,4.56,1.69,0.282,31.9,98.016,207039,17.0040571428571
"87","3whrwq4DtvucphBPUogRuJ","Havana - Remix","Camila Cabello",69,"latin",75.1,34.9,"3g56eEg5YgMf3LZPHCMOx2","Havana (Remix)","2017-11-12","latin hip hop","3nH8aytdqNeRbcRCg3dw9q","latin hip hop",57.9,2,-4.036,1,3.21,39.8,0.00228,13.3,105.031,199095,-13.2959428571429
"88","7LzouaWGFCy4tkXDOOnEyM","Liar","Camila Cabello",87,"r&b",74,65.2,"3xgS4rfthlsvhW7J2WLiiR","Liar","2019-09-04","Most Popular 2020 TOP 50","1fqkbjEACMlekdddm5aobE","urban contemporary",49.8,11,-6.684,0,4.56,1.69,0.282,31.9,98.016,207039,17.0040571428571
"89","3yOlyBJuViE2YSGn3nVE1K","My Oh My (feat. DaBaby)","Camila Cabello",94,"r&b",72.4,38.3,"3Vsbl0diFGw8HNSjG8ue9m","Romance","2019-12-06","Most Popular 2020 TOP 50","1fqkbjEACMlekdddm5aobE","urban contemporary",49.1,8,-6.024,1,2.96,1.8,0.00129,8.87,105.046,170746,-9.89594285714286
"90","7sTtHHrD0zDpmzQzH3zegz","Consequences","Camila Cabello",73,"r&b",45.5,43,"2vD3zSQr8hNlg0obNel4TE","Camila","2018-01-12","urban contemporary","4WiB26kw0INKwbzfb5M6Tv","urban contemporary",29.2,0,-6.792,1,5.63,88.9,0,10.6,84.339,178467,-5.19594285714286
"91","1rfofaqEpACxVEHIZBJe6W","Havana (feat. Young Thug)","Camila Cabello",84,"r&b",76.5,39.4,"2vD3zSQr8hNlg0obNel4TE","Camila","2018-01-12","Cuban vibes only","6VWXakL2ojgiVC01I271e2","urban contemporary",52.3,2,-4.333,1,3,18.4,0.00356,13.2,104.988,217307,-8.79594285714286
"92","3yOlyBJuViE2YSGn3nVE1K","My Oh My (feat. DaBaby)","Camila Cabello",94,"r&b",72.4,38.3,"3Vsbl0diFGw8HNSjG8ue9m","Romance","2019-12-06","Charts 2020 🔥Top 2020🔥Hits 2020🔥Summer 2020🔥Pop 2020🔥Popular Music🔥Clean Pop 2020🔥Sing Alongs","3xMQTDLOIGvj3lWH5e5x6F","hip pop",49.1,8,-6.024,1,2.96,1.8,0.00129,8.87,105.046,170746,-9.89594285714286
"93","0sHc1EEeOnmgjP6QmsR7px","Should've Said It","Camila Cabello",74,"r&b",66.6,59.6,"3Vsbl0diFGw8HNSjG8ue9m","Romance","2019-12-06","Girl On Fire","37i9dQZF1DX4F2k37fMTyn","hip pop",54.9,5,-5.781,0,2.69,2.81,0.0181,13.6,98.014,200626,11.4040571428571
"94","1rfofaqEpACxVEHIZBJe6W","Havana (feat. Young Thug)","Camila Cabello",84,"r&b",76.5,39.4,"2vD3zSQr8hNlg0obNel4TE","Camila","2018-01-12","Hip pop","1Sc7bobknESH7SXQcnmoX5","hip pop",52.3,2,-4.333,1,3,18.4,0.00356,13.2,104.988,217307,-8.79594285714286
"95","40nPimvmG05WYS7983bawZ","Cry for Me","Camila Cabello",73,"r&b",72.1,65.3,"2dq4ae5hiyxlFPG1s8rlq5","Cry for Me","2019-10-04","Latest Hits 2020 - Pop, Hip Hop & RnB","7FqZlaYKkQmVnguJbHuj2a","hip pop",80.5,9,-4.134,0,9.27,5,0,15.3,118.058,189133,17.1040571428571
"96","7LzouaWGFCy4tkXDOOnEyM","Liar","Camila Cabello",87,"r&b",74,65.2,"3xgS4rfthlsvhW7J2WLiiR","Liar","2019-09-04","2020 Hits & 2019  Hits – Top Global Tracks 🔥🔥🔥","4JkkvMpVl4lSioqQjeAL0q","hip pop",49.8,11,-6.684,0,4.56,1.69,0.282,31.9,98.016,207039,17.0040571428571
"97","6VpQdig9pdpTSIFItgkJV5","Never Be the Same","Camila Cabello",66,"r&b",64.3,26.4,"3HR8mnPQ7Go27WPMTNR2um","Never Be the Same","2017-12-17","Today's Hits (Clean)","7ENISpOJhocpMJVcGb0qcT","hip pop",70.9,0,-4.343,1,7.33,14.5,0.0449,11.5,129.961,227088,-21.7959428571429
"98","4V6MRo0CEAC9MwAm7dkPuL","Real Friends","Camila Cabello",63,"r&b",74,81.9,"5yv7CeuVtzTi3SbOjCMOJH","Real Friends","2017-12-06","Today's Hits (Clean)","7ENISpOJhocpMJVcGb0qcT","hip pop",30.3,3,-8.612,1,11.7,83.5,0,7.82,91.958,213933,33.7040571428571
"99","0ofbQMrRDsUaVKq2mGLEAb","Havana","Camila Cabello",26,"r&b",76.8,41.8,"5chBPOVY2I0bG5V3igb5QL","Havana","2017-08-03","Today's Hits (Clean)","7ENISpOJhocpMJVcGb0qcT","hip pop",51.7,7,-4.323,0,3.12,18.6,0.0038,10.4,104.992,216897,-6.39594285714286
"100","3yOlyBJuViE2YSGn3nVE1K","My Oh My (feat. DaBaby)","Camila Cabello",94,"edm",72.4,38.3,"3Vsbl0diFGw8HNSjG8ue9m","Romance","2019-12-06","Charts 2020 🔥Top 2020🔥Hits 2020🔥Summer 2020🔥Pop 2020🔥Popular Music🔥Clean Pop 2020🔥Sing Alongs","3xMQTDLOIGvj3lWH5e5x6F","pop edm",49.1,8,-6.024,1,2.96,1.8,0.00129,8.87,105.046,170746,-9.89594285714286
"101","7LzouaWGFCy4tkXDOOnEyM","Liar","Camila Cabello",87,"edm",74,65.2,"3xgS4rfthlsvhW7J2WLiiR","Liar","2019-09-04","Verão 2020 | Pop | Funk | Sertanejo | EDM | Top Hits 2019 - As Mais Tocadas","5HmZtuuIDMtIy21kylqhx6","pop edm",49.8,11,-6.684,0,4.56,1.69,0.282,31.9,98.016,207039,17.0040571428571
"102","3UYiU57SMiAS5LqolhHJw1","Shameless","Camila Cabello",76,"edm",37.7,8.51,"2h1p1JzjT9rLJFAFrIkyrm","Shameless","2019-09-05","Verão 2020 | Pop | Funk | Sertanejo | EDM | Top Hits 2019 - As Mais Tocadas","5HmZtuuIDMtIy21kylqhx6","pop edm",65.1,4,-5.437,0,5.88,1.97,0.00531,17.4,129.698,219742,-39.6859428571429
"103","46D0hYb1B7qiU33VtXt21W","Easy","Camila Cabello",78,"edm",57.4,35.5,"514p9UpvibpBhShFgpZaxS","Easy","2019-10-11","Verão 2020 | Pop | Funk | Sertanejo | EDM | Top Hits 2019 - As Mais Tocadas","5HmZtuuIDMtIy21kylqhx6","pop edm",59.3,4,-5.731,0,4.63,41.1,0.000155,9.66,128.073,194686,-12.6959428571429
"104","40nPimvmG05WYS7983bawZ","Cry for Me","Camila Cabello",73,"edm",72.1,65.3,"2dq4ae5hiyxlFPG1s8rlq5","Cry for Me","2019-10-04","Verão 2020 | Pop | Funk | Sertanejo | EDM | Top Hits 2019 - As Mais Tocadas","5HmZtuuIDMtIy21kylqhx6","pop edm",80.5,9,-4.134,0,9.27,5,0,15.3,118.058,189133,17.1040571428571
"105","0PaNKfwdqHjmW7hVEQ0lbu","La Difícil","Camilo",78,"latin",67.5,55.3,"6Pc3YAtxdkZba2tpmeXAXW","La Difícil","2019-12-20","Latin Pop VIP","37i9dQZF1DX1QnNyJOBQBv","latin pop",36,1,-6.66,0,11.2,67,0,15.9,64.921,158533,7.10405714285714
"106","1nocRtwyNPVtGcIJqfgdzZ","Tutu","Camilo",88,"latin",73.1,94,"6xu5asYeoMIT5Sa5b1P13q","Tutu","2019-08-09","LATIN POP 2020 🔥 Pop latino actual","2kKzN3kRYDzBctlaWs7CP2","latin pop",83.2,9,-2.592,1,5.03,27.3,0,6.65,146.013,178613,45.8040571428571
"107","4k9byIhs9ppbYWE22waJMB","No Te Vayas","Camilo",78,"latin",76.6,81,"1m98axLPQPf3odJJQYc5ok","No Te Vayas","2019-03-29","LATIN POP 2020 🔥 Pop latino actual","2kKzN3kRYDzBctlaWs7CP2","latin pop",72.1,6,-4.46,0,7.38,5.27,0,12.8,92.001,201227,32.8040571428571
"108","302I7g0l3jmAbzFu9WBCmu","Tutu - Remix","Camilo",77,"latin",73.1,86.5,"1SgMcZHkKbhSIp820lMy8F","Tutu (Remix)","2019-10-15","Exitos 2020 - Latin Billboard","0k2IDDkcVyIpIgE6d1woDM","latin pop",76.3,0,-3.6,1,4.33,38.2,0.000707,7.54,154.111,164191,38.3040571428571
"109","1nocRtwyNPVtGcIJqfgdzZ","Tutu","Camilo",88,"latin",73.1,94,"6xu5asYeoMIT5Sa5b1P13q","Tutu","2019-08-09","¡Viva Latino!","37i9dQZF1DX10zKzsJ2jva","reggaeton",83.2,9,-2.592,1,5.03,27.3,0,6.65,146.013,178613,45.8040571428571
"110","0PaNKfwdqHjmW7hVEQ0lbu","La Difícil","Camilo",78,"latin",67.5,55.3,"6Pc3YAtxdkZba2tpmeXAXW","La Difícil","2019-12-20","¡Viva Latino!","37i9dQZF1DX10zKzsJ2jva","reggaeton",36,1,-6.66,0,11.2,67,0,15.9,64.921,158533,7.10405714285714
"111","302I7g0l3jmAbzFu9WBCmu","Tutu - Remix","Camilo",77,"latin",73.1,86.5,"1SgMcZHkKbhSIp820lMy8F","Tutu (Remix)","2019-10-15","Verano Forever","37i9dQZF1DXdnGF35OawbN","reggaeton",76.3,0,-3.6,1,4.33,38.2,0.000707,7.54,154.111,164191,38.3040571428571
"112","1nocRtwyNPVtGcIJqfgdzZ","Tutu","Camilo",88,"latin",73.1,94,"6xu5asYeoMIT5Sa5b1P13q","Tutu","2019-08-09","Latest Latin American Hits 2020","51LvliKED7oZNJR8XCiPip","latin hip hop",83.2,9,-2.592,1,5.03,27.3,0,6.65,146.013,178613,45.8040571428571
"113","302I7g0l3jmAbzFu9WBCmu","Tutu - Remix","Camilo",77,"edm",73.1,86.5,"1SgMcZHkKbhSIp820lMy8F","Tutu (Remix)","2019-10-15","Verão 2020 | Pop | Funk | Sertanejo | EDM | Top Hits 2019 - As Mais Tocadas","5HmZtuuIDMtIy21kylqhx6","pop edm",76.3,0,-3.6,1,4.33,38.2,0.000707,7.54,154.111,164191,38.3040571428571
"114","6uUVmnIFtHZMNusIPNtOkw","Spell on Me","Chris Goldarg",17,"edm",73.4,70.4,"0IHLmh2nu6JCdyTTDvItxl","Room 679","2019-01-27","House Electro 2019","72r6odw0Q3OWTCYMGA7Yiy","electro house",57,3,-9.559,0,11.7,0.029,4.46,13.9,128.005,256100,22.2040571428571
"115","3J06oZ2TNJUGuBF7q8YaDV","The Activist","Chris Goldarg",18,"edm",68.8,73.8,"0IHLmh2nu6JCdyTTDvItxl","Room 679","2019-01-27","House Electro 2019","72r6odw0Q3OWTCYMGA7Yiy","electro house",92.5,8,-5.409,0,13.7,5.56,2.62,9.33,128.051,166875,25.6040571428571
"116","1CtW4q1G7gZbFdwi8IrOWz","Carousel","Chris Goldarg",16,"edm",81.8,64.7,"0IHLmh2nu6JCdyTTDvItxl","Room 679","2019-01-27","House Electro 2019","72r6odw0Q3OWTCYMGA7Yiy","electro house",76.2,10,-9.347,0,12.7,0.118,86.9,8.37,128.016,166874,16.5040571428571
"117","1DLBjSdWXnX2ZQHP6zDWuC","Overdue","Chris Goldarg",16,"edm",76,40.8,"0IHLmh2nu6JCdyTTDvItxl","Room 679","2019-01-27","House Electro 2019","72r6odw0Q3OWTCYMGA7Yiy","electro house",65.5,10,-10.838,0,5.04,41.3,69.4,10.3,128.014,168750,-7.39594285714286
"118","15DBBKEzADEOn2Dld1HKO0","Don't Play","Chris Goldarg",14,"edm",70.8,42.5,"0IHLmh2nu6JCdyTTDvItxl","Room 679","2019-01-27","House Electro 2019","72r6odw0Q3OWTCYMGA7Yiy","electro house",95,0,-4.081,1,7.4,1.4,33.4,5.96,127.997,185664,-5.69594285714286
"119","2Xes5wXwDOjm9DxZUmD6hu","Surrender","Chris Goldarg",17,"edm",67.9,78.3,"0IHLmh2nu6JCdyTTDvItxl","Room 679","2019-01-27","House Electro 2019","72r6odw0Q3OWTCYMGA7Yiy","electro house",85.3,5,-5.716,0,4.12,0.492,51,4.92,119.992,148000,30.1040571428571
"120","2zgdBHyyjJXmFwQyCRgBlJ","Nakamoto","Chris Goldarg",15,"edm",74.8,45.2,"0IHLmh2nu6JCdyTTDvItxl","Room 679","2019-01-27","House Electro 2019","72r6odw0Q3OWTCYMGA7Yiy","electro house",91.4,0,-5.571,1,11,5.78,50.3,36.8,120.013,130000,-2.99594285714286
"121","7GdMttMgpx9jt3H4tm8vFF","X Ray","Chris Goldarg",15,"edm",76.8,36.1,"0IHLmh2nu6JCdyTTDvItxl","Room 679","2019-01-27","House Electro 2019","72r6odw0Q3OWTCYMGA7Yiy","electro house",98.2,2,-1.865,1,15.4,3.21,52.9,19.2,125.009,168960,-12.0959428571429
"122","3yynRpQewCVIoPQpyBEPq6","All Mine","Chris Goldarg",17,"edm",68.9,78.7,"0IHLmh2nu6JCdyTTDvItxl","Room 679","2019-01-27","House Electro 2019","72r6odw0Q3OWTCYMGA7Yiy","electro house",92,7,-7.033,1,7.38,0.911,70.4,10.9,119.919,208250,30.5040571428571
"123","1QGYLOMM613eUMDcPOlRuG","Pumpkin Soup","Chris Goldarg",19,"edm",74.4,85.7,"0IHLmh2nu6JCdyTTDvItxl","Room 679","2019-01-27","House Electro 2019","72r6odw0Q3OWTCYMGA7Yiy","electro house",88,4,-7.129,0,16.3,3.03,71.5,18.1,127.99,202500,37.5040571428571
"124","3py7p5bZY9Wme45qQDQ0v7","Remember Me","DA Image",34,"rap",57,73.5,"1tKatpkIUqyudVvWoBbHZ0","Remember Me","2019-06-11","Gangster Rap","5joQabz9ys3XPGbSx5CaKv","gangster rap",73.5,0,-8.041,0,18.7,2.21,0,34.6,146.068,184999,25.3040571428571
"125","2oJzaSnfdaF5NilLDgAvLd","Upper Echelon","DA Image",38,"rap",79.8,59.7,"2WpKWExq1f7Fjx8eQaGjH4","Upper Echelon","2019-11-15","Gangsta Rap/90's Hip-Hop","39IFMVQdRNdb7kVfyTvHjM","gangster rap",55.3,0,-7.671,1,23.7,11.8,0,11.2,93.902,188996,11.5040571428571
"126","2oJzaSnfdaF5NilLDgAvLd","Upper Echelon","DA Image",38,"edm",79.8,59.7,"2WpKWExq1f7Fjx8eQaGjH4","Upper Echelon","2019-11-15","Pop Hits 2000-2019","6mtYuOxzl58vSGnEDtZ9uB","pop edm",55.3,0,-7.671,1,23.7,11.8,0,11.2,93.902,188996,11.5040571428571
"127","4H3vuLX59XPqdtTpIesGyS","California Girls","David Lee Roth",46,"rock",58.2,43.3,"2CLt8z7ozftRAx6I37C7rE","Crazy From The Heat","1985-01-15","80s Pop & Rock Hits and Album Tracks","0XOIK4m26aeYSD61E5nSVW","album rock",74.8,4,-5.93,1,5.21,43.2,0,7.07,115.13,171456,-4.89594285714286
"128","5ZY7Gug850kv4heJcWZGHM","Just Like Paradise","David Lee Roth",55,"rock",61.1,37.6,"2mYFKWSxCYhLHSXsjLDmp4","Skyscraper","1988-01-26","The Sound of Album Rock","3yj9YnQGTdnFuKbDyXGDi6","album rock",85.3,2,-4.983,1,3.4,2.19,0,67.1,135.558,243280,-10.5959428571429
"129","5ZY7Gug850kv4heJcWZGHM","Just Like Paradise","David Lee Roth",55,"rock",61.1,37.6,"2mYFKWSxCYhLHSXsjLDmp4","Skyscraper","1988-01-26","’80s Hard Rock","37i9dQZF1DX68H8ZujdnN7","hard rock",85.3,2,-4.983,1,3.4,2.19,0,67.1,135.558,243280,-10.5959428571429
"130","35QutYlXHDefIzlO4GjXjk","Tua Per Sempre","Elisa",64,"r&b",39.4,58.5,"4MmmI8sqP83TZzmg0AyTae","Diari Aperti","2019-05-03","Musica Italiana 2020 - Playlist Pop & Hip-Hop (Canzoni Italiane 2020)","6kVFIQBhLT4003iw2WWEv1","hip pop",79.4,4,-4.369,1,7.16,27.2,0,10.3,81.621,207347,10.3040571428571
"131","7fXTNTj6tiyaIvcezY8k5f","Anche Fragile","Elisa",8,"r&b",43.5,14.7,"2ShW1dnxI5hVcWwR3WOQEQ","Diari Aperti","2018-10-26","Musica Italiana 2020 - Playlist Pop & Hip-Hop (Canzoni Italiane 2020)","6kVFIQBhLT4003iw2WWEv1","hip pop",57.8,2,-3.796,1,3.2,27.5,0,15.8,130.455,239693,-33.4959428571429
"132","7l56nY7NMP1QDdWvRdJmmg","Vivere Tutte Le Vite - con Carl Brave","Elisa",66,"r&b",60.4,49.1,"4MmmI8sqP83TZzmg0AyTae","Diari Aperti","2019-05-03","Musica Italiana 2020 - Playlist Pop & Hip-Hop (Canzoni Italiane 2020)","6kVFIQBhLT4003iw2WWEv1","hip pop",63.9,11,-8.501,0,12.8,13.4,0,8.79,171.887,220604,0.904057142857141
"133","3xKsf9qdS1CyvXSMEid6g8","Pink + White","Frank Ocean",77,"pop",54.4,55.4,"3mH6qwIy9crq0I9YQbOuDf","Blonde","2016-08-20","Ultimate Indie Presents... Best Indie Tracks of the 2010s","37i9dQZF1DWTHM4kX49UKs","dance pop",55.2,9,-7.45,1,9.91,67,0.00457,41.5,159.738,184516,7.20405714285715
"134","7DfFc7a6Rwfi3YQMRbDMau","Thinkin Bout You","Frank Ocean",75,"pop",72.1,20,"392p3shh2jkxUxY2VHvlH8","channel ORANGE","2012-01-01","Ultimate Indie Presents... Best Indie Tracks of the 2010s","37i9dQZF1DWTHM4kX49UKs","dance pop",33.9,0,-11.195,1,5.32,40.9,0.153,9.73,129.83,200747,-28.1959428571429
"135","6Nle9hKrkL1wQpwNfEkxjh","Chanel","Frank Ocean",82,"pop",77.6,47.3,"6OGzmhzHcjf0uN9j7dYvZH","Chanel","2017-03-10","Electropop","2Z5cPJ6Z4EVZAfF08amjvL","electropop",50.3,0,-5.732,0,23.7,87.4,0,11.2,110.134,210285,-0.895942857142863
"136","4YZbVct8l9MnAVIROnLQdx","Forrest Gump","Frank Ocean",65,"pop",70.1,18.6,"392p3shh2jkxUxY2VHvlH8","channel ORANGE","2012-01-01","indie poptimism","1E5VdGGWkpDQ682gdvJAZH","indie poptimism",41.7,6,-7.818,0,3.29,8.88,0.0648,37.5,95.003,194840,-29.5959428571429
"137","2ZWlPOoWh0626oTaHrnl2a","Ivy","Frank Ocean",77,"pop",56.7,45.2,"3mH6qwIy9crq0I9YQbOuDf","Blonde","2016-08-20","indie poptimism","1E5VdGGWkpDQ682gdvJAZH","indie poptimism",38.8,9,-9.579,0,3.84,78.2,0.0309,24.8,116.362,249191,-2.99594285714286
"138","3xKsf9qdS1CyvXSMEid6g8","Pink + White","Frank Ocean",77,"r&b",54.4,55.4,"3mH6qwIy9crq0I9YQbOuDf","Blonde","2016-08-20","Urban Contemporary","4Pbs84EQbuAblxlp6Chz0d","urban contemporary",55.2,9,-7.45,1,9.91,67,0.00457,41.5,159.738,184516,7.20405714285715
"139","4osgfFTICMkcGbbigdsa53","Novacane","Frank Ocean",71,"r&b",76.2,37,"3RYdEXhGHojkTILUdtnRVJ","Novacane","2011-01-01","Urban Contemporary","4Pbs84EQbuAblxlp6Chz0d","urban contemporary",50.8,3,-9.112,1,9.19,5.84,0.126,16,93.51,302347,-11.1959428571429
"140","7DfFc7a6Rwfi3YQMRbDMau","Thinkin Bout You","Frank Ocean",75,"r&b",72.1,20,"392p3shh2jkxUxY2VHvlH8","channel ORANGE","2012-01-01","PROJECT: Contemporary","6HaCi9bqaiuSZEDfCEmwyo","urban contemporary",33.9,0,-11.195,1,5.32,40.9,0.153,9.73,129.83,200747,-28.1959428571429
"141","3CgZCQyuyxHRMWB9BTwmni","Swim Good","Frank Ocean",65,"r&b",65.3,71.1,"3TLaFWQDhV1g39Qwd5sPAm","Swim Good","2011-01-01","Urban Contemporary","4425cRh83Uzor4qCRfM9lb","urban contemporary",66.8,0,-8.183,1,8.81,0.116,0.269,7.31,160.048,257187,22.9040571428571
"142","3GZD6HmiNUhxXYf8Gch723","Lost","Frank Ocean",67,"r&b",91.3,49.7,"392p3shh2jkxUxY2VHvlH8","channel ORANGE","2012-01-01","Urban Contemporary","4425cRh83Uzor4qCRfM9lb","urban contemporary",60.3,8,-4.892,1,22.6,2.72,0.0503,16.7,123.061,234093,1.50405714285714
"143","1fOkmYW3ZFkkjIdOZSf596","Pink Matter","Frank Ocean",65,"r&b",39.2,49.4,"392p3shh2jkxUxY2VHvlH8","channel ORANGE","2012-01-01","Urban Contemporary","4425cRh83Uzor4qCRfM9lb","urban contemporary",23.3,11,-11.012,0,5.87,95.1,0.0322,10.6,176.569,268813,1.20405714285714
"144","4YZbVct8l9MnAVIROnLQdx","Forrest Gump","Frank Ocean",65,"r&b",70.1,18.6,"392p3shh2jkxUxY2VHvlH8","channel ORANGE","2012-01-01","Urban Contemporary","4425cRh83Uzor4qCRfM9lb","urban contemporary",41.7,6,-7.818,0,3.29,8.88,0.0648,37.5,95.003,194840,-29.5959428571429
"145","19YKaevk2bce4odJkP5L22","Nikes","Frank Ocean",72,"r&b",54.3,11.8,"3mH6qwIy9crq0I9YQbOuDf","Blonde","2016-08-20","Urban Contemporary","4425cRh83Uzor4qCRfM9lb","urban contemporary",39.4,8,-9.637,1,8.64,69.5,0.0239,10.8,137.811,314075,-36.3959428571429
"146","2ZWlPOoWh0626oTaHrnl2a","Ivy","Frank Ocean",77,"r&b",56.7,45.2,"3mH6qwIy9crq0I9YQbOuDf","Blonde","2016-08-20","Urban Contemporary","4425cRh83Uzor4qCRfM9lb","urban contemporary",38.8,9,-9.579,0,3.84,78.2,0.0309,24.8,116.362,249191,-2.99594285714286
"147","35xSkNIXi504fcEwz9USRB","Solo","Frank Ocean",69,"r&b",44.4,24.6,"3mH6qwIy9crq0I9YQbOuDf","Blonde","2016-08-20","Urban Contemporary","4425cRh83Uzor4qCRfM9lb","urban contemporary",28.7,5,-10.631,0,3.75,84.9,0.000282,16.1,124.027,257380,-23.5959428571429
"148","2JUqYobT8NvARdPmc4ES2x","Good Guy","Frank Ocean",64,"r&b",51.3,81.4,"3mH6qwIy9crq0I9YQbOuDf","Blonde","2016-08-20","Urban Contemporary","4425cRh83Uzor4qCRfM9lb","urban contemporary",13.1,0,-12.787,1,46.7,98.3,0.414,12,105.808,66786,33.2040571428571
"149","7eqoqGkKwgOaWNNHx90uEZ","Nights","Frank Ocean",78,"r&b",46.6,42.3,"3mH6qwIy9crq0I9YQbOuDf","Blonde","2016-08-20","Urban Contemporary","4425cRh83Uzor4qCRfM9lb","urban contemporary",54.8,5,-9.362,0,11.8,42,0.000101,11.3,89.815,307151,-5.89594285714286
"150","2LMkwUfqC6S6s6qDVlEuzV","White Ferrari","Frank Ocean",71,"r&b",44.4,21.9,"3mH6qwIy9crq0I9YQbOuDf","Blonde","2016-08-20","Urban Contemporary","4425cRh83Uzor4qCRfM9lb","urban contemporary",9.24,0,-15.605,1,3.66,78.4,0,30.4,108.917,248808,-26.2959428571429
"151","34xTFwjPQ1dC6uJmleno7x","Godspeed","Frank Ocean",66,"r&b",42.1,7.73,"3mH6qwIy9crq0I9YQbOuDf","Blonde","2016-08-20","Urban Contemporary","4425cRh83Uzor4qCRfM9lb","urban contemporary",9.52,6,-12.561,1,4.79,93.1,0.0201,12.6,109.698,177922,-40.4659428571429
"152","6Nle9hKrkL1wQpwNfEkxjh","Chanel","Frank Ocean",82,"r&b",77.6,47.3,"6OGzmhzHcjf0uN9j7dYvZH","Chanel","2017-03-10","Urban Contemporary","4425cRh83Uzor4qCRfM9lb","urban contemporary",50.3,0,-5.732,0,23.7,87.4,0,11.2,110.134,210285,-0.895942857142863
"153","371H6HjS4SXGbQ9IVfFUIL","Lens","Frank Ocean",61,"r&b",68.1,56.4,"5F4I5eUqVK1CpQbzt1ntMC","Lens","2017-04-23","Urban Contemporary","4425cRh83Uzor4qCRfM9lb","urban contemporary",33.3,9,-8.582,1,9.74,58.8,0,8.6,118.05,227655,8.20405714285713
"154","6gtNiLJNLBcV0P6Juenstp","Biking (Solo)","Frank Ocean",59,"r&b",64,18.1,"46H4UzFHMLnGgpyrj9HpKr","Biking (Solo)","2017-05-15","Urban Contemporary","4425cRh83Uzor4qCRfM9lb","urban contemporary",54.8,7,-6.965,1,14.7,54.3,0.00031,30.3,148.077,212495,-30.0959428571429
"155","6R6ihJhRbgu7JxJKIbW57w","Provider","Frank Ocean",67,"r&b",65.4,39,"7uSaHPXSYaRB3FxLOmatG9","Provider","2017-08-27","Urban Contemporary","4425cRh83Uzor4qCRfM9lb","urban contemporary",32.5,2,-11.925,1,28.2,74,0.00214,15.2,139.886,243238,-9.19594285714286
"156","41cpvQ2GyGb2BRdIRSsTqK","Moon River","Frank Ocean",70,"r&b",24,9.37,"0iqqnLXoocsMeCYlTw3Q2q","Moon River","2018-02-14","Urban Contemporary","4425cRh83Uzor4qCRfM9lb","urban contemporary",11.6,0,-13.216,1,3.29,87.7,0.092,10,77.349,188324,-38.8259428571429
"157","3xKsf9qdS1CyvXSMEid6g8","Pink + White","Frank Ocean",77,"r&b",54.4,55.4,"3mH6qwIy9crq0I9YQbOuDf","Blonde","2016-08-20","Ultimate Indie Presents... Best Indie Tracks of the 2010s","37i9dQZF1DWTHM4kX49UKs","hip pop",55.2,9,-7.45,1,9.91,67,0.00457,41.5,159.738,184516,7.20405714285715
"158","7DfFc7a6Rwfi3YQMRbDMau","Thinkin Bout You","Frank Ocean",75,"r&b",72.1,20,"392p3shh2jkxUxY2VHvlH8","channel ORANGE","2012-01-01","Ultimate Indie Presents... Best Indie Tracks of the 2010s","37i9dQZF1DWTHM4kX49UKs","hip pop",33.9,0,-11.195,1,5.32,40.9,0.153,9.73,129.83,200747,-28.1959428571429
"159","4S4Mfvv03M1cHgIOJcbUCL","In My Room","Frank Ocean",79,"r&b",86.1,67,"71VX8yv9T2hNIYVZJVUWVp","In My Room","2019-11-02","Ultimate Indie Presents... Best Tracks of 2019","37i9dQZF1DWTc5QDlvD7t0","hip pop",64.7,7,-7.425,1,6.75,59.4,66.1,11.4,158.037,133680,18.8040571428571
"160","5ITIiswssMSAdTJ9ZDEI8D","Pilot Jones","Frank Ocean",55,"r&b",39.4,39.4,"623Ef2ZEB3Njklix4PC0Rs","channel ORANGE (Explicit Version)","2012-01-01","Neo-Soul","1eqVgsNjaX6mxDPoefhocT","neo soul",43.3,8,-13.473,1,37.4,48.5,0.00781,81.7,118.988,184080,-8.79594285714286
"161","0msrDPXxZpts4FRnoX0bFr","Monks","Frank Ocean",57,"r&b",74.7,60.1,"392p3shh2jkxUxY2VHvlH8","channel ORANGE","2012-01-01","NEO-soul","3q3M4VCymcMoxJ3Tl7mRqN","neo soul",75.8,0,-4.743,0,17.9,5.21,0,21.4,102.02,200240,11.9040571428571
"162","6Nle9hKrkL1wQpwNfEkxjh","Chanel","Frank Ocean",82,"r&b",77.6,47.3,"6OGzmhzHcjf0uN9j7dYvZH","Chanel","2017-03-10","NEO-soul","3q3M4VCymcMoxJ3Tl7mRqN","neo soul",50.3,0,-5.732,0,23.7,87.4,0,11.2,110.134,210285,-0.895942857142863
"163","3GZD6HmiNUhxXYf8Gch723","Lost","Frank Ocean",67,"r&b",91.3,49.7,"392p3shh2jkxUxY2VHvlH8","channel ORANGE","2012-01-01","NEO-soul","3q3M4VCymcMoxJ3Tl7mRqN","neo soul",60.3,8,-4.892,1,22.6,2.72,0.0503,16.7,123.061,234093,1.50405714285714
"164","1fOkmYW3ZFkkjIdOZSf596","Pink Matter","Frank Ocean",65,"r&b",39.2,49.4,"392p3shh2jkxUxY2VHvlH8","channel ORANGE","2012-01-01","NEO-soul","3q3M4VCymcMoxJ3Tl7mRqN","neo soul",23.3,11,-11.012,0,5.87,95.1,0.0322,10.6,176.569,268813,1.20405714285714
"165","3xKsf9qdS1CyvXSMEid6g8","Pink + White","Frank Ocean",77,"r&b",54.4,55.4,"3mH6qwIy9crq0I9YQbOuDf","Blonde","2016-08-20","NEO-soul","3q3M4VCymcMoxJ3Tl7mRqN","neo soul",55.2,9,-7.45,1,9.91,67,0.00457,41.5,159.738,184516,7.20405714285715
"166","371H6HjS4SXGbQ9IVfFUIL","Lens","Frank Ocean",61,"r&b",68.1,56.4,"5F4I5eUqVK1CpQbzt1ntMC","Lens","2017-04-23","NEO-soul","3q3M4VCymcMoxJ3Tl7mRqN","neo soul",33.3,9,-8.582,1,9.74,58.8,0,8.6,118.05,227655,8.20405714285713
"167","41cpvQ2GyGb2BRdIRSsTqK","Moon River","Frank Ocean",70,"r&b",24,9.37,"0iqqnLXoocsMeCYlTw3Q2q","Moon River","2018-02-14","NEO-soul","3q3M4VCymcMoxJ3Tl7mRqN","neo soul",11.6,0,-13.216,1,3.29,87.7,0.092,10,77.349,188324,-38.8259428571429
"168","7eqoqGkKwgOaWNNHx90uEZ","Nights","Frank Ocean",78,"r&b",46.6,42.3,"3mH6qwIy9crq0I9YQbOuDf","Blonde","2016-08-20","NEO-soul","3q3M4VCymcMoxJ3Tl7mRqN","neo soul",54.8,5,-9.362,0,11.8,42,0.000101,11.3,89.815,307151,-5.89594285714286
"169","6fbjdXZNtoAJbJZUeT87Ii","Sweet Life","Frank Ocean",58,"r&b",47.9,80,"623Ef2ZEB3Njklix4PC0Rs","channel ORANGE (Explicit Version)","2012-01-01","Neo-Jazz Soul RnB & Afro","48AzM7l4M02DBYd2N3IFLP","neo soul",55.8,11,-6.074,1,17.9,22.7,0,8.08,83.465,262680,31.8040571428571
"170","5GUYJTQap5F3RDQiCOJhrS","Self Control","Frank Ocean",74,"r&b",57.2,44.6,"3mH6qwIy9crq0I9YQbOuDf","Blonde","2016-08-20","Neo-Jazz Soul RnB & Afro","48AzM7l4M02DBYd2N3IFLP","neo soul",20.9,8,-10.413,1,3.13,76.5,0,35.6,80.069,249668,-3.59594285714286
"171","4L7jMAP8UcIe309yQmkdcO","Lost","Frank Ocean",68,"r&b",91.3,49.7,"623Ef2ZEB3Njklix4PC0Rs","channel ORANGE (Explicit Version)","2012-01-01","Neo-Jazz Soul RnB & Afro","48AzM7l4M02DBYd2N3IFLP","neo soul",60.3,8,-4.892,1,22.6,2.72,0.0503,16.7,123.061,234093,1.50405714285714
"172","4hKGICUB890arImAdWRaHQ","Hero","Frank Ocean",51,"r&b",66.4,23.4,"0Q8Oo7AyaEh0EzwSIOd1o0","Three Artists. One Song","2014-03-10","Sexy Soul 2020","5EMARioe9z9eKOeWIAC2JW","neo soul",67.4,11,-8.307,0,3.02,1.82,20.3,7.39,104.002,165468,-24.7959428571429
"173","2fycu38G0FXDv0890YVS2M","Don't Stop The Rock","Freestyle",39,"pop",95.1,55.8,"1BP44lGtugp3p0gMGZm0td","Don't Stop The Rock","2007-08-14","Electropop And Play","7p30DzTAgW6OhspSXHTI88","electropop",73.6,10,-8.286,1,5.99,9.8,0.0217,30.7,121.075,330693,7.60405714285714
"174","6TH3cuw2MX4K3eGKrRXUxx","The Party Has Begun","Freestyle",28,"latin",86.7,54.7,"1BP44lGtugp3p0gMGZm0td","Don't Stop The Rock","2007-08-14","80's Freestyle/Disco Dance Party (Set Crossfade to 4-Seconds)","1oReEujyWpQv2OX68BVPPA","latin hip hop",67.8,5,-9.06,1,7.77,2.53,2.75,27.5,127.725,393107,6.50405714285714
"175","7pAFUKEZLgROw7CBtl9spL","It's Automatic","Freestyle",34,"latin",78,75,"4sHFPo45X37xEmc8k8mA6r","It's Automatic","2013-11-28","80's Freestyle/Disco Dance Party (Set Crossfade to 4-Seconds)","1oReEujyWpQv2OX68BVPPA","latin hip hop",76.6,1,-7.752,1,3.46,0.194,0.334,7.75,124.884,351318,26.8040571428571
"176","40LQiUUUKXVGyNs09lHVjW","Lips Of An Angel","Hinder",71,"rock",47.6,25.1,"2SmDuZSWtjukp9gkG2mcBQ","Extreme Behavior","2005-01-01","Permanent Wave","2ExyzXAbukW7I8bDqdGvPB","permanent wave",73.6,2,-5.38,1,3.43,2.17,0.000108,20.3,129.084,261853,-23.0959428571429
"177","10fddGyyeUquZZ2uPTjD7P","Better Than Me","Hinder",61,"rock",44.9,25.4,"2SmDuZSWtjukp9gkG2mcBQ","Extreme Behavior","2005-01-01","Permanent Wave","2ExyzXAbukW7I8bDqdGvPB","permanent wave",68.2,2,-5.295,0,2.9,20.5,0,17.5,139.924,223533,-22.7959428571429
"178","4xNfsvj9mOVnMTvHZZ8HNk","Without You","Hinder",56,"rock",41,28.8,"4zTHXE6FYzyKOlPswHAsUR","Take It To The Limit","2008-01-01","Permanent Wave","2ExyzXAbukW7I8bDqdGvPB","permanent wave",81.6,3,-3.83,1,3.33,2.92,0.00201,12.9,136.014,232267,-19.3959428571429
"179","40LQiUUUKXVGyNs09lHVjW","Lips Of An Angel","Hinder",71,"rock",47.6,25.1,"2SmDuZSWtjukp9gkG2mcBQ","Extreme Behavior","2005-01-01","HARD ROCK CAFE","55ybnG2z8rpTIerRfnCsw6","hard rock",73.6,2,-5.38,1,3.43,2.17,0.000108,20.3,129.084,261853,-23.0959428571429
"180","2e8r5YIPMCxXVJPPfwaSK8","Use Me","Hinder",45,"rock",49.3,43.5,"4zTHXE6FYzyKOlPswHAsUR","Take It To The Limit","2008-01-01","New Hard Rock","64BvJcehegyvhqQtV82Ddz","hard rock",97.9,0,-3.08,1,7.22,0.0292,0.124,37.8,134.055,229733,-4.69594285714286
"181","24Pi0KCtYWtnKxxzopkcPG","Get Stoned","Hinder",60,"rock",44.8,50.5,"4iBPW5y08WIeGXTkBJAPrF","Extreme Behavior","2005","New Hard Rock","64BvJcehegyvhqQtV82Ddz","hard rock",93.3,7,-4.082,0,4.21,0.0417,0.0454,21.9,75.991,218307,2.30405714285714
"182","5B4aDOvZnl4A9JYBYAksIl","Billie Jean","Honeywagon",34,"r&b",74.3,69,"5bnpTjo2c8LCWIxGL15E61","Songs From Neverland","2010-08-24","Bluegrass Covers","37i9dQZF1DX56crgoe4TG3","hip pop",42.2,7,-11.887,0,3.31,54.1,0.000226,14.9,111.933,285920,20.8040571428571
"183","6lppKNQ2cJmxITiSRs2952","Beat It","Honeywagon",31,"r&b",69.3,53.9,"5bnpTjo2c8LCWIxGL15E61","Songs From Neverland","2010-08-24","Bluegrass Covers","37i9dQZF1DX56crgoe4TG3","hip pop",41.2,2,-11.337,0,2.9,11.5,0,8.95,138.024,214227,5.70405714285715
"184","11q3nuWgsWqcrlyiJHUanA","The Way You Make Me Feel","Honeywagon",30,"r&b",66.7,88.2,"5bnpTjo2c8LCWIxGL15E61","Songs From Neverland","2010-08-24","Bluegrass Covers","37i9dQZF1DX56crgoe4TG3","hip pop",57.4,2,-9.847,1,3.15,20.5,0,12.2,139.911,193093,40.0040571428571
"185","3TZwjdclvWt7iPJUnMpgcs","Jump Around","House Of Pain",74,"rap",85.4,81.8,"2z37UnazitI7yDEF0IjE0v","House of Pain (Fine Malt Lyrics)","1992-07-21","90's Hip Hop Ultimate Collection","4IG024zoaGMurhTFBkMAv9","southern hip hop",71,4,-6.32,0,7.93,1.13,0.00872,16.6,106.894,214947,33.6040571428571
"186","7ygrDIOwwM4gtNf8Pz6kxW","Put Your Head Out","House Of Pain",40,"rap",82.7,79.2,"2z37UnazitI7yDEF0IjE0v","House of Pain (Fine Malt Lyrics)","1992-07-21","90's Hip Hop Ultimate Collection","4IG024zoaGMurhTFBkMAv9","southern hip hop",67.6,7,-9.735,1,26.2,2.57,0.00048,7.9,97.835,182160,31.0040571428571
"187","5sAwKZXy47JNVk03zqWgwI","Top O' the Morning to Ya","House Of Pain",48,"rap",82.7,73,"2z37UnazitI7yDEF0IjE0v","House of Pain (Fine Malt Lyrics)","1992-07-21","90's Hip Hop Ultimate Collection","4IG024zoaGMurhTFBkMAv9","southern hip hop",61.9,1,-10.173,0,11,0.365,1.1,33.7,111.083,216320,24.8040571428571
"188","2No866hrlpKgTXcQTZ2D2b","House and the Rising Son","House Of Pain",36,"rap",90.2,55.3,"2z37UnazitI7yDEF0IjE0v","House of Pain (Fine Malt Lyrics)","1992-07-21","90's Hip Hop Ultimate Collection","4IG024zoaGMurhTFBkMAv9","southern hip hop",52.4,8,-8.394,1,10.9,0.177,0.00133,8.54,92.986,219200,7.10405714285714
"189","1FBxSnAunQPxop3eTeOmE4","Shamrocks and Shenanigans","House Of Pain",43,"rap",90.4,21.1,"2z37UnazitI7yDEF0IjE0v","House of Pain (Fine Malt Lyrics)","1992-07-21","90's Hip Hop Ultimate Collection","4IG024zoaGMurhTFBkMAv9","southern hip hop",60.6,1,-6.122,1,28.6,29.6,0.0197,23.6,100.195,219107,-27.0959428571429
"190","62vpWI1CHwFy7tMIcSStl8","No Role Modelz","J. Cole",82,"pop",69.6,45.8,"7viNUmZZ8ztn2UB4XB3jIL","2014 Forest Hills Drive","2014-12-09","10er Playlist","1kEczIkZH8IgaWT2BiApxZ","electropop",52.1,10,-8.465,0,33.2,30.2,0,5.65,100,292987,-2.39594285714286
"191","62vpWI1CHwFy7tMIcSStl8","No Role Modelz","J. Cole",82,"rap",69.6,45.8,"7viNUmZZ8ztn2UB4XB3jIL","2014 Forest Hills Drive","2014-12-09","Hip Hop Controller","37i9dQZF1DWT5MrZnPU1zD","hip hop",52.1,10,-8.465,0,33.2,30.2,0,5.65,100,292987,-2.39594285714286
"192","2JvzF1RMd7lE3KmFlsyZD8","MIDDLE CHILD","J. Cole",86,"rap",83.7,46.3,"3XzSOIE6zGLliuqsVGLmUc","MIDDLE CHILD","2019-01-23","Hip-Hop Favourites","37i9dQZF1DX48TTZL62Yht","hip hop",36.4,8,-11.713,1,27.6,14.9,0,27.1,123.984,213594,-1.89594285714286
"193","6I6NX6tjGsxFAsIfGzY9lJ","Deja Vu","J. Cole",70,"rap",65.7,18.1,"3CCnGldVQ90c26aFATC1PW","4 Your Eyez Only","2016-12-09","🔥💵 Hip Hop, Rap, Heavy 808's - New School","3jPkaExIWXQWklcmmF5180","southern hip hop",42.1,9,-11.378,1,41.2,35.2,0.0218,18.7,174.063,264747,-30.0959428571429
"194","2JvzF1RMd7lE3KmFlsyZD8","MIDDLE CHILD","J. Cole",86,"rap",83.7,46.3,"3XzSOIE6zGLliuqsVGLmUc","MIDDLE CHILD","2019-01-23","Trap Americana","7tkgK1tm9hYkWp7EFyOcAr","trap",36.4,8,-11.713,1,27.6,14.9,0,27.1,123.984,213594,-1.89594285714286
"195","2JvzF1RMd7lE3KmFlsyZD8","MIDDLE CHILD","J. Cole",86,"r&b",83.7,46.3,"3XzSOIE6zGLliuqsVGLmUc","MIDDLE CHILD","2019-01-23","Chixtape 5 - Tory Lanez","0UXwwVDipbBQeEX7h4YuKU","urban contemporary",36.4,8,-11.713,1,27.6,14.9,0,27.1,123.984,213594,-1.89594285714286
"196","2JvzF1RMd7lE3KmFlsyZD8","MIDDLE CHILD","J. Cole",86,"r&b",83.7,46.3,"3XzSOIE6zGLliuqsVGLmUc","MIDDLE CHILD","2019-01-23","Hip pop","1Sc7bobknESH7SXQcnmoX5","hip pop",36.4,8,-11.713,1,27.6,14.9,0,27.1,123.984,213594,-1.89594285714286
"197","6Ius4TC0L3cN74HT7ENE6e","Wet Dreamz","J. Cole",78,"r&b",50.4,58.4,"7viNUmZZ8ztn2UB4XB3jIL","2014 Forest Hills Drive","2014-12-09","Smooth Hip Hop","7ozFIvz1bE1HPgQTUl5qfT","hip pop",70.5,6,-8.205,0,36.4,7.52,0,12.8,175.483,239320,10.2040571428571
"198","1HNs07uZxZniPNmniw2GTa","Apparently","J. Cole",69,"r&b",80.1,53.4,"7viNUmZZ8ztn2UB4XB3jIL","2014 Forest Hills Drive","2014-12-09","Smooth Hip Hop","7ozFIvz1bE1HPgQTUl5qfT","hip pop",54.3,5,-9.236,1,9.1,56.4,0,11.6,133.982,293040,5.20405714285715
"199","6Ius4TC0L3cN74HT7ENE6e","Wet Dreamz","J. Cole",78,"r&b",50.4,58.4,"7viNUmZZ8ztn2UB4XB3jIL","2014 Forest Hills Drive","2014-12-09","Saxophone in Hip Hop - R&B Lounge - Jazz Rap","2ujrP2rPxu8ao7wNeG1ZOY","neo soul",70.5,6,-8.205,0,36.4,7.52,0,12.8,175.483,239320,10.2040571428571
"200","26RcjBcThMrZ8KvsqApOvN","Let Nas Down","J. Cole",56,"r&b",45.8,37,"1NfrmcXk8xNennyxQ57JcW","Born Sinner","2013-06-14","Saxophone in Hip Hop - R&B Lounge - Jazz Rap","2ujrP2rPxu8ao7wNeG1ZOY","neo soul",74,9,-5.65,0,24.5,2.56,0,29.6,79.255,277200,-11.1959428571429
"201","4qRjfovbhI4EwP7VQNfxVW","St. Tropez","J. Cole",61,"r&b",56.1,32.4,"7viNUmZZ8ztn2UB4XB3jIL","2014 Forest Hills Drive","2014-12-09","Neo-Jazz Soul RnB & Afro","48AzM7l4M02DBYd2N3IFLP","neo soul",54.1,9,-9.818,0,7.11,5.4,3.71,6.27,84.241,257920,-15.7959428571429
"202","20k7dNVQhMqPEYlOwFrmC6","Moonlight Bossa","Jazzinuf",53,"rap",53.2,59.9,"6hUBcJvNCaLU15nRijErqq","Lapis Lazuli","2019-10-09","Jazz Vibes","37i9dQZF1DX0SM0LYsmbMT","hip hop",94.2,8,-5.425,0,9.65,16.6,18.2,21.8,179.825,141333,11.7040571428571
"203","7pFRhCj70NUNZG4xMDEQj8","Soul Mates","Jazzinuf",52,"rap",51.7,37,"0FlFKikrKvQwyWgkItuS4S","Soul Mates","2020-01-01","Lo-Fi Beats","37i9dQZF1DWWQRwui0ExPn","hip hop",50.9,3,-9.917,1,13.7,40.7,31.1,25.1,74.98,96343,-11.1959428571429
"204","1On4Zw5nSEJKpGIGSK8QYd","Caffè Mocha","Jazzinuf",44,"latin",87.9,78.3,"3lJ3wJoBUclrt7c1QNHAwv","Dazzle","2018-11-16","Sunny Beats","37i9dQZF1DXbtuVQL4zoey","tropical",54.4,0,-5.568,1,20.3,21.5,73.1,15.7,93.997,89361,30.1040571428571
"205","2jK3oL9MV1hb6sBtUpt4ZF","Coconut Airline","Jazzinuf",42,"latin",64.3,89.1,"1yHr9p9q6a2HGcSBG9MgKQ","Audio Bartending","2018-04-01","Sunny Beats","37i9dQZF1DXbtuVQL4zoey","tropical",82.7,11,-9.572,0,18.5,5.9,94.1,37,83.032,163396,40.9040571428571
"206","4lhe5Iy0XVRoySNQYMvP1l","Moon and Tonic","Jazzinuf",44,"latin",65.3,94.6,"1yHr9p9q6a2HGcSBG9MgKQ","Audio Bartending","2018-04-01","Sunny Beats","37i9dQZF1DXbtuVQL4zoey","tropical",68.6,1,-10.433,1,27.4,25.5,77.4,11.8,85.045,121940,46.4040571428571
"207","0gwpTcKlLwn8TnYsoZLfRl","Bubbly","Jazzinuf",40,"latin",76.9,73.7,"1yHr9p9q6a2HGcSBG9MgKQ","Audio Bartending","2018-04-01","Sunny Beats","37i9dQZF1DXbtuVQL4zoey","tropical",52.2,11,-7.065,0,7.77,10.2,80.3,37.9,173.993,209763,25.5040571428571
"208","4TMSmt6090LcXzcxoEAZV6","Reflections (UOAK Remix)","Jean Juan",30,"edm",59.9,16.1,"3cTeRDdQcg2zTBLe9YC3CJ","Reflections (UOAK Remix)","2020-01-17","Deep Electronic Music 2020 & Progressive House","5CMvAWTlDPdZnkleiTHyyo","progressive electro house",69.2,4,-6.347,1,3.29,24.5,0.0421,33.7,122.001,243934,-32.0959428571429
"209","7k42DvyuLTo8FIG7pa2n1U","Don't Forget Me","Jean Juan",40,"edm",73.2,53.8,"2n2BqyL1IDNEvW3YIZasbe","Don't Forget Me","2019-11-08","Deep Electronic Music 2020 & Progressive House","5CMvAWTlDPdZnkleiTHyyo","progressive electro house",76.2,10,-7.234,0,3.69,13.5,0.859,14,107.014,165419,5.60405714285714
"210","5bWLHSTjzpoRT3LitHEpRU","Reflections","Jean Juan",42,"edm",66.2,14.1,"7vnCjt6v0gRaMp5WSxrm90","Reflections","2019-10-04","Deep Electronic Music 2020 & Progressive House","5CMvAWTlDPdZnkleiTHyyo","progressive electro house",71.6,1,-8.108,0,4.08,0.881,0.0916,15.1,120.955,193747,-34.0959428571429
"211","4qqgGuWpaRy3JN5IC5Jkgi","Only Me","Jean Juan",39,"edm",64.2,47.1,"1F2WNsJGXvpNCkmB6w3Hkv","Only Me","2019-06-13","Deep Electronic Music 2020 & Progressive House","5CMvAWTlDPdZnkleiTHyyo","progressive electro house",84.5,1,-6.894,0,3.41,12.4,0.0125,7.52,123.975,168856,-1.09594285714287
"212","0R2wsoAKYVUVOxJrc1jQCN","Little Black Dress","Jean Juan",33,"edm",57.9,9.61,"34on4R1OcyOuifZR9tdtpN","Little Black Dress","2019-07-11","Deep Electronic Music 2020 & Progressive House","5CMvAWTlDPdZnkleiTHyyo","progressive electro house",77.9,7,-11.212,1,3.95,0.213,77.4,15.9,119.999,276000,-38.5859428571429
"213","7bre6yd84LZ6MFoTppmHja","Swimming Pools (Drank)","Kendrick Lamar",7,"pop",65.6,20.3,"0ljGAdQ5EmiJE52O1VsYAM","Swimming Pools (Drank)","2012-08-03","BALLARE - رقص","1CMvQ4Yr5DlYvYzI0Vc2UE","post-teen pop",44.6,1,-5.897,1,26.5,0.695,0.0419,8.8,74.543,247800,-27.8959428571429
"214","7ujx3NYtwO2LkmKGz59mXp","HUMBLE.","Kendrick Lamar",12,"pop",90.6,42.3,"7wbJhbCvhPfbK1CLAkpq25","DAMN.","2017-04-14","BALLARE - رقص","1CMvQ4Yr5DlYvYzI0Vc2UE","post-teen pop",62.5,1,-6.779,0,9.03,0.0243,0.00323,9.75,150.018,177000,-5.89594285714286
"215","1vffte5WTHIik37ePfJdo4","King Kunta","Kendrick Lamar",10,"pop",88.4,48.9,"5uP9oyMK5lpzbB7K6UeT3X","To Pimp A Butterfly","2015-03-16","BALLARE - رقص","1CMvQ4Yr5DlYvYzI0Vc2UE","post-teen pop",65.7,6,-4.569,0,9.77,0.589,0,15.4,107.059,234693,0.704057142857138
"216","7KXjTSCq5nL1LoYtL7XAwS","HUMBLE.","Kendrick Lamar",84,"pop",90.8,42.1,"4eLPsYPBmXABThSJ821sqY","DAMN.","2017-04-14","10er Playlist","1kEczIkZH8IgaWT2BiApxZ","electropop",62.1,1,-6.638,0,10.2,0.0282,0.00539,9.58,150.011,177000,-6.09594285714286
"217","7KXjTSCq5nL1LoYtL7XAwS","HUMBLE.","Kendrick Lamar",84,"rap",90.8,42.1,"4eLPsYPBmXABThSJ821sqY","DAMN.","2017-04-14","Hip Hop Controller","37i9dQZF1DWT5MrZnPU1zD","hip hop",62.1,1,-6.638,0,10.2,0.0282,0.00539,9.58,150.011,177000,-6.09594285714286
"218","6PGoSes0D9eUDeeAafB2As","LOVE. FEAT. ZACARI.","Kendrick Lamar",80,"rap",80,77.9,"4eLPsYPBmXABThSJ821sqY","DAMN.","2017-04-14","Hip Hop Controller","37i9dQZF1DWT5MrZnPU1zD","hip hop",58.5,10,-7.343,1,9.24,26.4,0,15.3,126.058,213400,29.7040571428571
"219","2P3SLxeQHPqh8qKB6gtJY2","Poetic Justice","Kendrick Lamar",68,"rap",77.9,64.7,"3DGQ1iZ9XKUQxAUWjfC34w","good kid, m.A.A.d city (Deluxe)","2012","Hip Hop Controller","37i9dQZF1DWT5MrZnPU1zD","hip hop",57.2,6,-9.985,0,37.8,15.7,0,24.6,135.956,300160,16.5040571428571
"220","6SwRhMLwNqEi6alNPVG00n","LOYALTY. FEAT. RIHANNA.","Kendrick Lamar",73,"rap",65.8,41.9,"4eLPsYPBmXABThSJ821sqY","DAMN.","2017-04-14","Hip Hop Controller","37i9dQZF1DWT5MrZnPU1zD","hip hop",53.5,9,-8.983,0,5.73,2.65,0,20,110.684,227360,-6.29594285714286
"221","2cDCojn6uIBM6A5xTAbl3H","m.A.A.d city","Kendrick Lamar",65,"rap",48.7,21.7,"3DGQ1iZ9XKUQxAUWjfC34w","good kid, m.A.A.d city (Deluxe)","2012","Southern California Hip Hop Primer","206vi9Q0p3juAU73flxPsz","southern hip hop",72.9,2,-6.815,1,27.1,5.38,0.000407,44,91.048,350120,-26.4959428571429
"222","7KXjTSCq5nL1LoYtL7XAwS","HUMBLE.","Kendrick Lamar",84,"rap",90.8,42.1,"4eLPsYPBmXABThSJ821sqY","DAMN.","2017-04-14","Southern California Hip Hop Primer","206vi9Q0p3juAU73flxPsz","southern hip hop",62.1,1,-6.638,0,10.2,0.0282,0.00539,9.58,150.011,177000,-6.09594285714286
"223","3aGibUHhQyBsyumYHylw0K","Backseat Freestyle","Kendrick Lamar",67,"rap",54.6,64.6,"3DGQ1iZ9XKUQxAUWjfC34w","good kid, m.A.A.d city (Deluxe)","2012","Southern California Hip Hop Primer","206vi9Q0p3juAU73flxPsz","southern hip hop",65.1,1,-7.601,1,30,0.0739,0,23.5,77.878,212653,16.4040571428571
"224","1eRBW1HcyM1zPlxO26cScZ","The Recipe - Bonus Track","Kendrick Lamar",60,"rap",75.9,50.7,"3DGQ1iZ9XKUQxAUWjfC34w","good kid, m.A.A.d city (Deluxe)","2012","Southern California Hip Hop Primer","206vi9Q0p3juAU73flxPsz","southern hip hop",78.2,11,-6.975,0,7.41,0.0589,0,35,131.04,352853,2.50405714285714
"225","7ujx3NYtwO2LkmKGz59mXp","HUMBLE.","Kendrick Lamar",12,"rap",90.6,42.3,"7wbJhbCvhPfbK1CLAkpq25","DAMN.","2017-04-14","◤ Hip Hop Dance Music – Urban – Trap – Breaking Locking Popping Bopping – WOD – World of Dance","0Hr2h94pKN8QAGVAgD6BsD","southern hip hop",62.5,1,-6.779,0,9.03,0.0243,0.00323,9.75,150.018,177000,-5.89594285714286
"226","6HZILIRieu8S0iqY8kIKhj","DNA.","Kendrick Lamar",79,"rap",63.8,42.2,"4eLPsYPBmXABThSJ821sqY","DAMN.","2017-04-14","🔥💵 Hip Hop, Rap, Heavy 808's - New School","3jPkaExIWXQWklcmmF5180","southern hip hop",52.3,1,-6.664,1,35.7,0.454,0,8.42,139.913,185947,-5.99594285714286
"227","31c9IHwCIONmUYW0jL7Riz","HUMBLE.","Kendrick Lamar",7,"rap",90.7,41.8,"745wm87LGZxRYeyGM0z96J","HUMBLE.","2017-03-31","🔥💵 Hip Hop, Rap, Heavy 808's - New School","3jPkaExIWXQWklcmmF5180","southern hip hop",59.1,1,-7.507,0,10.5,0.0359,0.00281,8.97,149.992,177604,-6.39594285714286
"228","4iYRa2btalAzPZoSYfROqF","XXX. FEAT. U2.","Kendrick Lamar",67,"rap",56.8,29.3,"4eLPsYPBmXABThSJ821sqY","DAMN.","2017-04-14","🔥💵 Hip Hop, Rap, Heavy 808's - New School","3jPkaExIWXQWklcmmF5180","southern hip hop",61.9,1,-6.899,1,41.4,13.8,0.000167,11,170.115,254200,-18.8959428571429
"229","1EaKU4dMbesXXd3BrLCtYG","ELEMENT.","Kendrick Lamar",72,"rap",74.8,48.3,"4eLPsYPBmXABThSJ821sqY","DAMN.","2017-04-14","🔥💵 Hip Hop, Rap, Heavy 808's - New School","3jPkaExIWXQWklcmmF5180","southern hip hop",70.5,4,-4.547,0,48.5,20.4,0,24.6,189.891,208733,0.104057142857137
"230","7bre6yd84LZ6MFoTppmHja","Swimming Pools (Drank)","Kendrick Lamar",7,"rap",65.6,20.3,"0ljGAdQ5EmiJE52O1VsYAM","Swimming Pools (Drank)","2012-08-03","Hip-Hop 'n RnB","0275i1VNfBnsNbPl0QIBpG","southern hip hop",44.6,1,-5.897,1,26.5,0.695,0.0419,8.8,74.543,247800,-27.8959428571429
"231","2MYl0er3UZ1RlKwRb5LODh","A.D.H.D","Kendrick Lamar",15,"rap",60.9,58.2,"13WjgUEEAQp0d9JqojlWp1","Section.80","2011-07-02","Hip-Hop 'n RnB","0275i1VNfBnsNbPl0QIBpG","southern hip hop",79.9,9,-6.883,1,24,33,0,10.8,157.74,215509,10.0040571428571
"232","3qX1dqmDdmMvvfMVfsx4Bh","m.A.A.d city","Kendrick Lamar",67,"rap",48.7,21.7,"748dZDqSZy6aPXKcI9H80u","good kid, m.A.A.d city (Deluxe)","2012-10-22","RAP Gangsta","1Z1gW89x4MSBjkvVjGg7DQ","gangster rap",72.9,2,-6.815,1,27.1,5.38,0.000407,44,91.048,350120,-26.4959428571429
"233","0UtnpKaReKUg2GquaSxCyD","Money Trees","Kendrick Lamar",66,"r&b",71.6,34.4,"748dZDqSZy6aPXKcI9H80u","good kid, m.A.A.d city (Deluxe)","2012-10-22","Chixtape 5 - Tory Lanez","0UXwwVDipbBQeEX7h4YuKU","urban contemporary",53.1,7,-7.355,1,12.2,7.03,0,22.4,71.994,386907,-13.7959428571429
"234","7KXjTSCq5nL1LoYtL7XAwS","HUMBLE.","Kendrick Lamar",84,"r&b",90.8,42.1,"4eLPsYPBmXABThSJ821sqY","DAMN.","2017-04-14","Chixtape 5 - Tory Lanez","0UXwwVDipbBQeEX7h4YuKU","urban contemporary",62.1,1,-6.638,0,10.2,0.0282,0.00539,9.58,150.011,177000,-6.09594285714286
"235","3GCdLUSnKSMJhs4Tj6CV3s","All The Stars (with SZA)","Kendrick Lamar",79,"r&b",69.8,55.2,"3pLdWdkj83EYfDN6H2N8MR","Black Panther The Album Music From And Inspired By","2018-02-09","PROJECT: Contemporary","6HaCi9bqaiuSZEDfCEmwyo","urban contemporary",63.3,8,-4.946,1,5.97,6.05,0.0194,9.26,96.924,232187,7.00405714285714
"236","6PGoSes0D9eUDeeAafB2As","LOVE. FEAT. ZACARI.","Kendrick Lamar",80,"r&b",80,77.9,"4eLPsYPBmXABThSJ821sqY","DAMN.","2017-04-14","PROJECT: Contemporary","6HaCi9bqaiuSZEDfCEmwyo","urban contemporary",58.5,10,-7.343,1,9.24,26.4,0,15.3,126.058,213400,29.7040571428571
"237","6SwRhMLwNqEi6alNPVG00n","LOYALTY. FEAT. RIHANNA.","Kendrick Lamar",73,"r&b",65.8,41.9,"4eLPsYPBmXABThSJ821sqY","DAMN.","2017-04-14","PROJECT: Contemporary","6HaCi9bqaiuSZEDfCEmwyo","urban contemporary",53.5,9,-8.983,0,5.73,2.65,0,20,110.684,227360,-6.29594285714286
"238","7bre6yd84LZ6MFoTppmHja","Swimming Pools (Drank)","Kendrick Lamar",7,"r&b",65.6,20.3,"0ljGAdQ5EmiJE52O1VsYAM","Swimming Pools (Drank)","2012-08-03","Urban/Trap - Contemporary RAP","5CK0fshHcik1vWyeCc0zat","urban contemporary",44.6,1,-5.897,1,26.5,0.695,0.0419,8.8,74.543,247800,-27.8959428571429
"239","3qX1dqmDdmMvvfMVfsx4Bh","m.A.A.d city","Kendrick Lamar",67,"r&b",48.7,21.7,"748dZDqSZy6aPXKcI9H80u","good kid, m.A.A.d city (Deluxe)","2012-10-22","Urban/Trap - Contemporary RAP","5CK0fshHcik1vWyeCc0zat","urban contemporary",72.9,2,-6.815,1,27.1,5.38,0.000407,44,91.048,350120,-26.4959428571429
"240","4Pwjz3DfvfQWV0rO2V8jyh","Bitch, Don’t Kill My Vibe","Kendrick Lamar",64,"r&b",58.7,9.85,"6PBZN8cbwkqm1ERj2BGXJ1","good kid, m.A.A.d city","2012","Feeling Accomplished","37i9dQZF1DWTDafB3skWPN","hip pop",69.8,1,-8.948,1,9.43,1.52,0,44.2,133.954,310720,-38.3459428571429
"241","7KXjTSCq5nL1LoYtL7XAwS","HUMBLE.","Kendrick Lamar",84,"r&b",90.8,42.1,"4eLPsYPBmXABThSJ821sqY","DAMN.","2017-04-14","Hip pop","1Sc7bobknESH7SXQcnmoX5","hip pop",62.1,1,-6.638,0,10.2,0.0282,0.00539,9.58,150.011,177000,-6.09594285714286
"242","6HZILIRieu8S0iqY8kIKhj","DNA.","Kendrick Lamar",79,"r&b",63.8,42.2,"4eLPsYPBmXABThSJ821sqY","DAMN.","2017-04-14","Hip pop","1Sc7bobknESH7SXQcnmoX5","hip pop",52.3,1,-6.664,1,35.7,0.454,0,8.42,139.913,185947,-5.99594285714286
"243","439TlnnznSiBbQbgXiBqAd","m.A.A.d city","Kendrick Lamar",67,"edm",48.7,21.7,"6PBZN8cbwkqm1ERj2BGXJ1","good kid, m.A.A.d city","2012","Locker Room","37i9dQZF1DX8SaiEt4OVJw","big room",72.9,2,-6.815,1,27.1,5.38,0.000407,44,91.048,350120,-26.4959428571429
"244","3zCg6CUmhxHukbUs0nd7ar","La Raza","Kid Frost",51,"rap",80.1,72.1,"54du51RSgc4enNk2K2E2JX","Hispanic Causing Panic","1990-01-01","GTA San Andreas Radio Los Santos","6m0BqpJfSP2m5xCOFjDRHw","gangster rap",52.9,1,-14.875,1,9.62,4.06,0.0609,9.36,106.965,209067,23.9040571428571
"245","3zCg6CUmhxHukbUs0nd7ar","La Raza","Kid Frost",51,"latin",80.1,72.1,"54du51RSgc4enNk2K2E2JX","Hispanic Causing Panic","1990-01-01","Chicano Rap","3o3xRXWMtBMezk0E3wmtGI","latin hip hop",52.9,1,-14.875,1,9.62,4.06,0.0609,9.36,106.965,209067,23.9040571428571
"246","776zIsseWzy4GQ5nMFdk5W","Ya Estuvo","Kid Frost",20,"latin",84.6,92.3,"54du51RSgc4enNk2K2E2JX","Hispanic Causing Panic","1990-01-01","HIP-HOP: Latin Rap ['89-present]","5fWgI0IJ1el5NB1sZ0Egsx","latin hip hop",66,0,-12.988,1,17.8,14.2,0,22.9,101.991,245733,44.1040571428572
"247","0E8qIw6KblOtDQYzzHQrxL","Como Tú (Magic Music Box)","León Larregui",63,"rock",56.8,76.2,"6XMk5rlnvEtbOUhUlIGl0R","Solstis - De León Larregui","2012-01-01","②⓪①⑨ mixed","2bOjjgN1S3Gqd8vSMyafvJ","permanent wave",90.3,0,-7.647,1,9.82,0.0292,72.4,7.64,122.604,232120,28.0040571428571
"248","68UIOPderAlQy5eb7K4iUO","Souvenir","León Larregui",62,"rock",59.4,53.6,"6XMk5rlnvEtbOUhUlIGl0R","Solstis - De León Larregui","2012-01-01","②⓪①⑨ mixed","2bOjjgN1S3Gqd8vSMyafvJ","permanent wave",57.8,4,-10.676,0,3.4,67.9,12.3,10.5,77.481,239120,5.40405714285714
"249","3GSMdtJphymHEsR8K9jT5Q","Locos","León Larregui",71,"rock",72.4,95.7,"6pTyhD8IxuyQXzcCZJp5EM","Voluma","2016-03-11","②⓪①⑨ mixed","2bOjjgN1S3Gqd8vSMyafvJ","permanent wave",64.6,10,-6.475,1,3.52,7.2,0.0157,9.23,112.019,177600,47.5040571428571
"250","4ZT9FnbFu1PaBfV3itxiqT","I","Lil Skies",81,"pop",64.9,43.1,"47FalEKu0of8GExDtZBkxT","Shelby","2019-03-01","Electropop","2Z5cPJ6Z4EVZAfF08amjvL","electropop",45.3,6,-7.28,1,8.5,62.7,0,11.6,99.183,181891,-5.09594285714286
"251","2u7mxWSeoqTXndK5e08jMp","Nowadays (feat. Landon Cube)","Lil Skies",76,"rap",74.5,46,"0CuYNS755Ow710G2E7aLDE","Life of a Dark Rose","2017-12-12","Sad Trap","7kzKtw5vug3IIxKfLadi8A","trap",64.6,6,-6.987,0,17,15.7,0,33.8,79.993,203908,-2.19594285714286
"252","4ZT9FnbFu1PaBfV3itxiqT","I","Lil Skies",81,"rap",64.9,43.1,"47FalEKu0of8GExDtZBkxT","Shelby","2019-03-01","Sad Trap","7kzKtw5vug3IIxKfLadi8A","trap",45.3,6,-7.28,1,8.5,62.7,0,11.6,99.183,181891,-5.09594285714286
"253","7CrY10h4ESBscDFjv8ug6f","Play Wit Pussy","Mia X",10,"rap",82.3,46.9,"4zfQXy8m725FD6SgIKQ7w7","Mama Drama","1998-10-27","90s-2000s Southern Hip Hop / Crunk","5wsWBmQgDtKa8CEg7wTEMi","southern hip hop",63.9,1,-9.682,0,33.7,41.8,0,10.3,159.762,227200,-1.29594285714286
"254","3KHLmEOyPeJTa5jsNHvAgw","You & Me","Mia X",8,"rap",66.3,54,"78FznFtIyWe4Ncyo3tAE6t","Unlady Like","1997-01-01","90s-2000s Southern Hip Hop / Crunk","5wsWBmQgDtKa8CEg7wTEMi","southern hip hop",47.4,1,-10.111,0,15.1,0.435,2.92,13.7,159.849,278400,5.80405714285714
"255","1Jvfg9VNWyDRmA2S3DGsSK","Bring It On","Mia X",14,"rap",73.7,66.2,"4zfQXy8m725FD6SgIKQ7w7","Mama Drama","1998-10-27","90s-2000s Southern Hip Hop / Crunk","5wsWBmQgDtKa8CEg7wTEMi","southern hip hop",89.2,2,-5.607,1,35.8,4.36,0,7.98,173.786,310827,18.0040571428571
"256","1zuFmAYoY5ZOPRRIxcakUa","Whatcha Wanna Do","Mia X",21,"rap",70.9,31.3,"4zfQXy8m725FD6SgIKQ7w7","Mama Drama","1998-10-27","90s-2000s Southern Hip Hop / Crunk","5wsWBmQgDtKa8CEg7wTEMi","southern hip hop",58.7,11,-8.582,0,10.7,0.441,0,14,84.94,280200,-16.8959428571429
"257","0f2zcrhhHT59aIGQvRlTZ1","One More Night","Michael Kiwanuka",61,"r&b",68.4,94.4,"0qxsfpy2VU0i4eDR9RTaAU","Love & Hate","2016-07-15","Sexy Soul 2020","5EMARioe9z9eKOeWIAC2JW","neo soul",76.4,6,-5.342,0,2.54,1.29,0.0171,14.1,107.806,233413,46.2040571428571
"258","5DODqUKPEEVIS2TslOjz0K","Any Day Will Do Fine","Michael Kiwanuka",29,"r&b",52.2,37.4,"79VDAdjzMMGoftIbw5feYN","Home Again","2012-01-01","Sexy Soul 2020","5EMARioe9z9eKOeWIAC2JW","neo soul",37.7,5,-11.692,0,3.32,62.6,0,11.8,104.968,220000,-10.7959428571429
"259","7KX65PC1UZuImsUInThbav","Cold Little Heart - Radio Edit","Michael Kiwanuka",71,"r&b",62.9,65.5,"55A6d8TOuiAs6zDiKj2c3A","Cold Little Heart (Radio Edit)","2017-02-24","Sexy Soul 2020","5EMARioe9z9eKOeWIAC2JW","neo soul",58,7,-6.208,0,2.78,35.7,0.0353,43.6,110.264,210300,17.3040571428571
"260","20FZrLl9zSbO9b3DhaqO6M","23","Mike WiLL Made-It",68,"rap",85.9,31.9,"5r7L8DlTsIKoDwSSiRf5M7","23","2013-01-01","The Sound of Southern Hip Hop","18jT9NMRZifv6cMtK2jWD4","southern hip hop",59.9,9,-5.254,1,6.14,0.0362,0.00082,13,140.005,252520,-16.2959428571429
"261","3fS0GCbLTLK59MYn7HYMNi","Y'all Ain't Ready (feat. 2 Chainz)","Mike WiLL Made-It",34,"rap",75.9,15,"0jqcY0azNzkluuC8hxNGlw","Ransom 2","2017-03-24","🔥💵 Hip Hop, Rap, Heavy 808's - New School","3jPkaExIWXQWklcmmF5180","southern hip hop",70.5,1,-5.21,1,22.3,0.806,0,88.9,140.048,222657,-33.1959428571429
"262","5rk2nRNREUq6TTSS7h11Fr","Razzle Dazzle (feat. Future)","Mike WiLL Made-It",39,"rap",76.9,25.5,"0jqcY0azNzkluuC8hxNGlw","Ransom 2","2017-03-24","🔥💵 Hip Hop, Rap, Heavy 808's - New School","3jPkaExIWXQWklcmmF5180","southern hip hop",60.3,1,-5.815,1,8.8,17.7,0,17.2,120.051,216041,-22.6959428571429
"263","3IHZc2GclRu5nJpTqty7MY","Gucci On My (feat. 21 Savage, YG & Migos)","Mike WiLL Made-It",60,"rap",93.4,8.86,"0jqcY0azNzkluuC8hxNGlw","Ransom 2","2017-03-24","🔥💵 Hip Hop, Rap, Heavy 808's - New School","3jPkaExIWXQWklcmmF5180","southern hip hop",35.9,1,-5.133,1,23,17.3,0.000811,15.2,140.004,274847,-39.3359428571429
"264","3A2OHirUAlQp2x73BJlEDA","Perfect Pint (feat. Kendrick Lamar, Gucci Mane & Rae Sremmurd)","Mike WiLL Made-It",62,"rap",74.1,29.2,"0jqcY0azNzkluuC8hxNGlw","Ransom 2","2017-03-24","🔥💵 Hip Hop, Rap, Heavy 808's - New School","3jPkaExIWXQWklcmmF5180","southern hip hop",56.2,4,-5.474,0,16.5,17.2,0,7.51,180.068,240926,-18.9959428571429
"265","23dwrzeJtEEGl2U4CPWSor","Runnin (with A$AP Rocky, A$AP Ferg & Nicki Minaj)","Mike WiLL Made-It",66,"rap",54.5,60.9,"7kSa9AwcDQ6ZUScaXxp8zP","Creed II: The Album","2018-11-16","RAP Gangsta","1Z1gW89x4MSBjkvVjGg7DQ","gangster rap",97.5,10,-3.193,0,45.4,17,0,14.5,123.906,131674,12.7040571428571
"266","5NkfVQS8BkceRgoSQwcW6H","Aries (YuGo) Part 2 (with Rae Sremmurd & Big Sean feat. Quavo & Pharrell)","Mike WiLL Made-It",62,"rap",87.1,27,"0D6QY2HNsCIFcL636qePwj","Aries (YuGo) Part 2 (with Rae Sremmurd & Big Sean feat. Quavo & Pharrell)","2018-03-29","Trap Americana","7tkgK1tm9hYkWp7EFyOcAr","trap",55.2,4,-4.953,0,5.09,12.8,0,27.2,141.973,273087,-21.1959428571429
"267","3jagJCUbdqhDSPuxP8cAqF","Work It","Missy Elliott",70,"rap",88.4,58.4,"6DeU398qrJ1bLuryetSmup","Under Construction","2002-11-11","◤ Hip Hop Dance Music – Urban – Trap – Breaking Locking Popping Bopping – WOD – World of Dance","0Hr2h94pKN8QAGVAgD6BsD","southern hip hop",67.7,1,-5.603,1,28.3,7.78,0,7.32,101.868,263227,10.2040571428571
"268","0jG92AlXau21qgCQRxGLic","One Minute Man (feat. Ludacris)","Missy Elliott",56,"rap",62.2,57,"20t54K6C80QQH7vbcpfJcP","Miss E... So Addictive","2001-05-14","◤ Hip Hop Dance Music – Urban – Trap – Breaking Locking Popping Bopping – WOD – World of Dance","0Hr2h94pKN8QAGVAgD6BsD","southern hip hop",66.9,9,-8.419,1,32.9,2.66,0.000297,15.2,93.839,252987,8.80405714285713
"269","2rKXzis3tBuNQQojmCldkv","Bad Man","Missy Elliott",42,"rap",84,40.5,"6vV5UrXcfyQD1wu4Qo2I9K","The Cookbook","2005-07-04","◤ Hip Hop Dance Music – Urban – Trap – Breaking Locking Popping Bopping – WOD – World of Dance","0Hr2h94pKN8QAGVAgD6BsD","southern hip hop",74.7,4,-9.112,0,43.5,48.1,0.00155,10.4,120.848,312333,-7.69594285714286
"270","3jagJCUbdqhDSPuxP8cAqF","Work It","Missy Elliott",70,"r&b",88.4,58.4,"6DeU398qrJ1bLuryetSmup","Under Construction","2002-11-11","90s/00s Hip Hop & RnB","0Ar0Ng9DlAWZtSPBvOQgOa","hip pop",67.7,1,-5.603,1,28.3,7.78,0,7.32,101.868,263227,10.2040571428571
"271","6zsk6uF3MxfIeHPlubKBvR","Get Ur Freak On","Missy Elliott",70,"r&b",79.7,74,"20t54K6C80QQH7vbcpfJcP","Miss E... So Addictive","2001-05-14","90s/00s Hip Hop & RnB","0Ar0Ng9DlAWZtSPBvOQgOa","hip pop",75,0,-9.369,1,24.7,53.3,10.8,9.5,177.87,211120,25.8040571428571
"272","4lPvpx8AgI31GsZP9HjkGI","Certo pra Você","MTK",32,"r&b",78.3,64,"5P4NC7RHetv1NH9OrHcQDv","Certo pra Você","2020-01-17","Brisa Pop","37i9dQZF1DX2vsux22VuNL","hip pop",60.8,4,-6.913,0,3.54,16.6,0,10.7,117.988,211541,15.8040571428571
"273","2P2Y7WPjcjFdlu80Ek3PbW","Me Diz","MTK",46,"r&b",66.8,78.1,"1tdxWpuVvM4vzQSKSVeRX4","Me Diz","2019-12-06","Brisa Pop","37i9dQZF1DX2vsux22VuNL","hip pop",42,3,-9.187,0,3.4,72,0,8.37,124.051,193558,29.9040571428571
"274","62FCtdHru9nNAJOGbzObi4","Pode Me Esperar (feat. Meucci, Tasdan & Agatha)","MTK",54,"r&b",68.9,61.5,"00rcJMuYMSrKDj1oKpzTCM","Pode Me Esperar (feat. Meucci, Tasdan & Agatha)","2019-09-06","Brisa Pop","37i9dQZF1DX2vsux22VuNL","hip pop",68.1,11,-6.578,0,2.89,26.5,0,27.2,104.064,210012,13.3040571428571
"275","255FVOOvsT1KAjUeqMfc9y","Despedida (feat. Anna & RNT)","MTK",45,"r&b",67,44.6,"6kilqZooI26WaATOq5RdfN","Despedida (feat. Anna & RNT)","2019-07-05","Brisa Pop","37i9dQZF1DX2vsux22VuNL","hip pop",56.2,7,-6.036,0,3.5,59.6,0,7.26,85.887,262587,-3.59594285714286
"276","1zGwWmxXJHFes4dfkbnBUC","Limbo (feat. Gilli)","NODE",61,"rap",82.7,84.4,"0NH1shrxMHwoveKw5UH3NZ","Limbo (feat. Gilli)","2020-01-10","DK rap","37i9dQZF1DXdhDukKQ88Cc","hip hop",68.2,6,-5.837,1,10.2,9.88,0,22.5,130.009,169206,36.2040571428571
"277","2plHsnfOSAKrXqOulEYPEn","Mafiosa","NODE",53,"rap",82.9,75.4,"3WovKooMWMhW4okJzlfxcI","Samme Vej","2019-11-08","DK rap","37i9dQZF1DXdhDukKQ88Cc","hip hop",71.7,3,-7.112,0,5.37,49.3,0.00399,7.67,119.943,191534,27.2040571428571
"278","5TxcaqtknKAAdshjQCXfBG","Ra Ta Ta Ta (feat. Stepz)","NODE",55,"rap",66.5,41.5,"3WovKooMWMhW4okJzlfxcI","Samme Vej","2019-11-08","DK rap","37i9dQZF1DXdhDukKQ88Cc","hip hop",73.5,5,-6.312,1,11.1,9.23,0,12.9,167.986,214055,-6.69594285714286
"279","5zPOENTeR2jmL8l3QSBdp4","Samme Vej","NODE",49,"rap",54.4,44.3,"5vLbmaaHHlUrwe0QorXPLd","Samme Vej","2019-11-04","DK rap","37i9dQZF1DXdhDukKQ88Cc","hip hop",47.4,6,-9.491,1,28.1,46.5,0,15.2,100.157,129374,-3.89594285714286
"280","6R3NpWbg7Zew8jCGA1Nc2q","Ghettostjerne (feat. ZK)","NODE",49,"rap",76.6,46.2,"3WovKooMWMhW4okJzlfxcI","Samme Vej","2019-11-08","DK rap","37i9dQZF1DXdhDukKQ88Cc","hip hop",66,4,-5.673,0,11.7,28.8,0,9.27,91.999,196387,-1.99594285714286
"281","42WPVWtxYdFE9fb8Vp24FR","Running Up That Hill","Placebo",42,"pop",43.1,13.2,"2u3C8Hc59AiSyt7dxSGeh4","Best Of The Bands","2009-06-29","Gothic / Industrial / Mittelalter / EBM / Futurepop / Gothik / Electropop","53CmFroG6MWR5reOOXJX6B","electropop",45.8,10,-11.147,0,4.81,28.4,47.9,10.7,180.013,294093,-34.9959428571429
"282","2DO7ywgu9cdNqXf7Cukys9","Song to Say Goodbye","Placebo",57,"rock",43.6,43.7,"7cfTTszDP3KgMjtxhE8Re7","Meds","2006-03-13","L' ALBUM ROCK","0jilq2XZP9F2fwzp2k6iXK","album rock",88.7,11,-4.748,1,7.99,0.613,0.509,9.93,165.033,216187,-4.49594285714286
"283","5fVTi3rIiLvsEVYp0cRvaI","Meds","Placebo",55,"rock",51.2,28.3,"7cfTTszDP3KgMjtxhE8Re7","Meds","2006-03-13","L' ALBUM ROCK","0jilq2XZP9F2fwzp2k6iXK","album rock",90.9,4,-4.643,0,10.4,9.75,0.02,9.43,155.139,175387,-19.8959428571429
"284","63peVCtLTPd0aM9x5j97sB","Special K","Placebo",55,"rock",39.7,35.6,"7gLNPbL9arQdIl4aj4hBcq","Black Market Music","2000-10-09","L' ALBUM ROCK","0jilq2XZP9F2fwzp2k6iXK","album rock",94.2,1,-2.53,1,8.69,0.0227,24,14,158.99,232307,-12.5959428571429
"285","3tRv4ZYZimrL27flnjgeR6","Every You Every Me","Placebo",66,"rock",47.8,16.5,"2cDDG5rnwEgjNL8Q0cO9Zd","Without You I'm Nothing","1998-10-12","The Sound of Permanent Wave","4EYSGTuqe9cVfSVpX4gtGv","permanent wave",92.3,10,-7.547,1,5.69,0.00269999999999999,71.9,32.5,133.134,213800,-31.6959428571429
"286","5he7AYCR3MGloRnuWEMroT","This Picture","Placebo",59,"rock",46.2,61.6,"4fUDor6o5gw0b18iYKEaRq","Sleeping With Ghosts","2003-03-24","Permanent Wave","5glAD13obyL0G9SH9ukBz2","permanent wave",91,1,-7.198,1,3.59,0.00857999999999999,4.69,8.63,155.69,214907,13.4040571428571
"287","2vyACbL11HoiWTcA6Ri7wU","In the End (Lost Tapes)","Röyksopp",45,"pop",35.7,14.6,"13kkNOtZzxG9zDq4IMUdjd","In the End (Lost Tapes)","2019-04-03","Electro Pop | Electropop","2a5i2ZtEXGKwVGL16J8N0p","electropop",54.4,7,-10.399,1,3.71,1.59,78.4,6.39,114.957,376721,-33.5959428571429
"288","4y8XhpQ7YqFLyz2o7c7r7X","Do It Again","Röyksopp",36,"edm",61.7,76.5,"05n3aJPY0hE4R9cDro3B2c","Do It Again","2014-04-28","Fitness Workout Electro | House | Dance | Progressive House","6KnQDwp0syvhfHOR4lWP7x","electro house",67.4,5,-5.368,0,4.97,0.217,0.498,8.08,123.958,306440,28.3040571428571
"289","4y8XhpQ7YqFLyz2o7c7r7X","Do It Again","Röyksopp",36,"edm",61.7,76.5,"05n3aJPY0hE4R9cDro3B2c","Do It Again","2014-04-28","Fitness Workout Electro | House | Dance | Progressive House","6KnQDwp0syvhfHOR4lWP7x","progressive electro house",67.4,5,-5.368,0,4.97,0.217,0.498,8.08,123.958,306440,28.3040571428571
"290","2XRF2r3fUoqMZxGfY9XvbL","The Girl and the Robot - Spencer & Hill Remix","Röyksopp",16,"edm",84.4,29.2,"3j9uZWz5cXmabLTJxkgkp1","The Girl And The Robot","2009-06-12","Electro/Progressive/Club House","1HtnPDj2V126xB9tJP786P","progressive electro house",65,9,-8.446,0,17.5,12,21.2,6.64,125.967,367733,-18.9959428571429
"291","1hGy2eLcmC8eKx7qr1tOqx","Beautiful Girls","Sean Kingston",77,"pop",76.2,76.9,"71clfVkkopYLrgweVj2cow","Beautiful Girls","2007-07-23","post teen pop","2ltt5ouiEO301o2jbxn30d","post-teen pop",66.1,1,-6.075,0,6.87,15,0,25.6,130.009,225373,28.7040571428571
"292","2oENJa1T33GJ0w8dC167G4","Fire Burning","Sean Kingston",69,"pop",83.9,88.8,"33YSJfsBkjN3yqcq18bdRi","Tomorrow","2009-09-04","Post-teen pop","2KyjkYsSsC1UR75b0m98vd","post-teen pop",80.4,1,-2.513,1,3.29,1.92,0,33.1,122.973,239987,40.6040571428571
"293","3rFC9t2bY9i4Bq87IWW9uW","Party Like It's 1999","Soul&Roll",15,"pop",87.2,78.3,"6kNI6hqI6k4LtyYL5CY8iB","I Want to Know Who I Am","2013-05-20","80's Songs | Top 💯 80s Music Hits","65HtIbyFkaQPflCa4oW8KO","electropop",51.9,7,-7.302,1,6.82,31.2,0.0338,4.53,120.006,160625,30.1040571428571
"294","19pVVNsJ1Nr6QwSgSsRKbX","Working 9 to 5","Soul&Roll",13,"pop",80.3,73.7,"0Q298fEZZhID4ZgLO0WmJj","Slow Journey","2014-06-20","80's Songs | Top 💯 80s Music Hits","65HtIbyFkaQPflCa4oW8KO","electropop",38.7,6,-5.875,1,3.87,34.6,0,9.13,106.963,164607,25.5040571428571
"295","3evppwc8rJ86Y0jFHqyF8A","I Wanna Be with You Everywhere","Soul&Roll",30,"pop",69.7,82.9,"6kNI6hqI6k4LtyYL5CY8iB","I Want to Know Who I Am","2013-05-20","80's Songs | Top 💯 80s Music Hits","65HtIbyFkaQPflCa4oW8KO","electropop",53.9,4,-8.402,1,3.1,30.1,0.196,31.2,114.984,154435,34.7040571428571
"296","5kaiM7WaSYPybvKqEpN1zM","Don't Stop Believing","Soul&Roll",33,"rock",73.6,26.6,"0Q298fEZZhID4ZgLO0WmJj","Slow Journey","2014-06-20","Rock Ballads 80s 90s | Best Rock Love Songs 80's 90's Music Hits","0y8MUle9Lf8VDNjPsskzJB","hard rock",57.6,4,-6.352,1,3.01,22.9,0.00573,11.7,126.979,280634,-21.5959428571429
"297","3evppwc8rJ86Y0jFHqyF8A","I Wanna Be with You Everywhere","Soul&Roll",30,"rock",69.7,82.9,"6kNI6hqI6k4LtyYL5CY8iB","I Want to Know Who I Am","2013-05-20","Rock Ballads 80s 90s | Best Rock Love Songs 80's 90's Music Hits","0y8MUle9Lf8VDNjPsskzJB","hard rock",53.9,4,-8.402,1,3.1,30.1,0.196,31.2,114.984,154435,34.7040571428571
"298","5I6y1KWmUoV5YCaIEcs1qs","Should Have Known Better","Sufjan Stevens",65,"pop",57.1,29.7,"0U8DeqqKDgIhIiWOdqiQXE","Carrie & Lowell","2015-03-31","Ultimate Indie Presents... Best Indie Tracks of the 2010s","37i9dQZF1DWTHM4kX49UKs","dance pop",17.2,7,-20.7,1,3.18,97.9,27.5,12.4,90.972,307698,-18.4959428571429
"299","4HbeGjbt7u3pvwDk1vN7P0","Mystery of Love","Sufjan Stevens",67,"r&b",36.5,23.8,"7K0x1O9gqMQlDwbMkyCCIM","Call Me By Your Name (Original Motion Picture Soundtrack)","2017-11-03","Urban contemporary","1ZlL3IQS8eB0s0RMxz02yD","urban contemporary",27.3,4,-16.526,0,3.8,94,43.1,10.9,132.285,248965,-24.3959428571429
"300","5I6y1KWmUoV5YCaIEcs1qs","Should Have Known Better","Sufjan Stevens",65,"r&b",57.1,29.7,"0U8DeqqKDgIhIiWOdqiQXE","Carrie & Lowell","2015-03-31","Ultimate Indie Presents... Best Indie Tracks of the 2010s","37i9dQZF1DWTHM4kX49UKs","hip pop",17.2,7,-20.7,1,3.18,97.9,27.5,12.4,90.972,307698,-18.4959428571429
"301","3fLBmhcgWkPI47LfVQ8paB","Love and War","Tamar Braxton",53,"r&b",27,24.2,"1783Mxpt38yxafCtFlgHNF","Love and War","2013-09-03","The Sound of Urban Contemporary","07zF8MjQPsiYUXiAIGZ5TA","urban contemporary",58,8,-5.717,0,3.9,46.9,0,34.3,179.919,241920,-23.9959428571429
"302","62yCF7A8NhNsbThwIu4m6y","Thank You Lord","Tamar Braxton",27,"r&b",43.1,49.5,"1783Mxpt38yxafCtFlgHNF","Love and War","2013-09-03","Gospel","0pItJZBDZFvgAOdFnSITnJ","urban contemporary",72.3,5,-5.221,1,12.5,67.4,0,32.5,82.3,199947,1.30405714285714
"303","0TTEm8HHxndsd6Jqtn1DDk","Sleigh Ride","Tamar Braxton",42,"r&b",71.5,51,"0RC79iOln9WK1Rcd9z7IXm","Winter Loversland","2013-11-11","Christmas Soul","6FZYc2BvF7tColxO8PBShV","neo soul",65,2,-5.615,1,16.3,19.6,0,31.9,89.949,117520,2.80405714285714
"304","2W3EgJst61RLZtPPm3EQim","Territory","The Blaze",64,"pop",56.3,21.3,"56X6IaIoNEfqxAvGb9St58","Territory","2017-04-07","Ultimate Indie Presents... Best Indie Tracks of the 2010s","37i9dQZF1DWTHM4kX49UKs","dance pop",44,9,-11.943,0,8.22,28.6,68.3,26.9,120.009,276373,-26.8959428571429
"305","5YzaostcCu9Sgp5T7bFuX3","Juvenile","The Blaze",59,"rock",63,11.9,"56X6IaIoNEfqxAvGb9St58","Territory","2017-04-07","Permanent wave 🌊","0QN4FeJQ1mpCygRg9r2JIK","permanent wave",55.4,9,-9.675,0,2.56,0.393,82.9,14.5,127.013,203693,-36.2959428571429
"306","2W3EgJst61RLZtPPm3EQim","Territory","The Blaze",64,"r&b",56.3,21.3,"56X6IaIoNEfqxAvGb9St58","Territory","2017-04-07","Ultimate Indie Presents... Best Indie Tracks of the 2010s","37i9dQZF1DWTHM4kX49UKs","hip pop",44,9,-11.943,0,8.22,28.6,68.3,26.9,120.009,276373,-26.8959428571429
"307","09wrW4mdaoBrOFY6KSR94h","Heaven","The Blaze",62,"edm",61.3,8.37,"6WbMZYQ1SAU8HrgZSuH0xJ","Dancehall","2018-09-07","Electro Posé - Discoveries","6nZaTh6K1SwhdELFTmA99C","electro house",46.1,1,-10.493,0,3.13,2.57,75,7.76,125.066,219280,-39.8259428571429
"308","1scwknKtBQpreYy6MSoJqJ","Favorite Liar","The Wrecks",57,"pop",64,31.7,"0vQRfUULb3EpObpn28YOkH","We Are The Wrecks","2017-02-10","Indie Poptimism","7Ic1UwucK3ozdycPBIPVSR","indie poptimism",72.2,9,-3.489,1,3.51,1.96,0.00127,12.8,119.916,242307,-16.4959428571429
"309","1KdGSnUj7Zr1XdTbyuSr7T","Freaking Out","The Wrecks",53,"rock",54.9,43.4,"5dWDdM416kzNTDKZEEvRUz","Freaking Out","2019-06-21","Classic Rock 70s 80s 90s, Rock Classics - 70s Rock, 80s Rock, 90s Rock Rock  Classicos","3Ho3iO0iJykgEQNbjB2sic","classic rock",86.5,1,-3.486,0,6.25,0.0482,0,5.12,140.017,199840,-4.79594285714286
"310","1KdGSnUj7Zr1XdTbyuSr7T","Freaking Out","The Wrecks",53,"rock",54.9,43.4,"5dWDdM416kzNTDKZEEvRUz","Freaking Out","2019-06-21","Classic Rock 70s 80s 90s, Rock Classics - 70s Rock, 80s Rock, 90s Rock Rock  Classicos","3Ho3iO0iJykgEQNbjB2sic","hard rock",86.5,1,-3.486,0,6.25,0.0482,0,5.12,140.017,199840,-4.79594285714286
"311","5CPqOpKSk0QcJ3dGdaWcRB","On Hold","The xx",65,"pop",72.3,35,"2PXy9USZAoTSdtrxfkPBnl","I See You","2017-01-13","Ultimate Indie Presents... Best Indie Tracks of the 2010s","37i9dQZF1DWTHM4kX49UKs","dance pop",66.9,0,-6.784,1,3.48,5.22,19.2,10.9,125.051,224133,-13.1959428571429
"312","0bXpmJyHHYPk6QBFj25bYF","Intro","The xx",72,"pop",61.7,15.2,"2nXJkqkS1tIKIyhBcFMmwz","xx","2009-08-16","Indie/Jazz Poptimism","6OaTudLqBEuTyUMPxRNpZc","indie poptimism",77.8,9,-8.871,0,2.7,45.9,92.5,12.8,100.363,127920,-32.9959428571429
"313","6rxEjkoar48SssZePbtb2x","Crystalised","The xx",66,"pop",76.3,41.6,"2nXJkqkS1tIKIyhBcFMmwz","xx","2009-08-16","Indie/Jazz Poptimism","6OaTudLqBEuTyUMPxRNpZc","indie poptimism",48.4,11,-12.368,0,3.11,81.2,39.3,8.41,122.913,201947,-6.59594285714286
"314","2UkKbV1TKGV5OafEJW54fr","Blood Red Moon (Demo)","The xx",43,"pop",78.1,22.9,"6aStvQrltK28rgDFsyOsBS","Basic Space","2009-08-02","Indie/Jazz Poptimism","6OaTudLqBEuTyUMPxRNpZc","indie poptimism",45.6,0,-10.837,1,4.31,82,78.6,7.84,119.988,133267,-25.2959428571429
"315","2SMn57cBVxoD4TArscpovk","Islands","The xx",62,"pop",87.1,70.7,"2nXJkqkS1tIKIyhBcFMmwz","xx","2009-08-16","Indie/Jazz Poptimism","6OaTudLqBEuTyUMPxRNpZc","indie poptimism",47.2,4,-11.077,1,7.56,74,28.6,14.5,124.04,160720,22.5040571428571
"316","044qU7kwVZaDwzWnRsmVVL","I Dare You","The xx",63,"pop",75.2,28.2,"2PXy9USZAoTSdtrxfkPBnl","I See You","2017-01-13","Music&Other Drugs","5jROYSZSL7cO0jGAqkPx7C","indie poptimism",54.3,1,-9.483,1,3.98,62.3,7.06,10.7,126.001,233280,-19.9959428571429
"317","4w2iAP3X4FkpPb5kjRdIDx","On Hold","The xx",7,"pop",72.5,33.8,"0xhcc6Lp1uTV4mokv50GXf","On Hold","2016-11-10","Deep-deep Bubble Pop","744VClUYfFnZCDPcOUkg5G","indie poptimism",66.9,0,-6.582,1,3.51,5.71,15.9,10.7,125.046,224133,-14.3959428571429
"318","5CPqOpKSk0QcJ3dGdaWcRB","On Hold","The xx",65,"r&b",72.3,35,"2PXy9USZAoTSdtrxfkPBnl","I See You","2017-01-13","Ultimate Indie Presents... Best Indie Tracks of the 2010s","37i9dQZF1DWTHM4kX49UKs","hip pop",66.9,0,-6.784,1,3.48,5.22,19.2,10.9,125.051,224133,-13.1959428571429
"319","3MckdkpumOZiX2efM3B266","EDM O' CLOCK","TV Noise",50,"edm",80.5,19.6,"1Uep7LKPuG9SYGgwW4E86j","EDM O' CLOCK","2019-02-27","Nasty Bits","37i9dQZF1DX2VvACCrgjrt","electro house",89.5,1,-3.527,1,10.9,0.159,12.4,44,126.042,148571,-28.5959428571429
"320","12avIub7BD2xuMOhyvIr08","Ratata","TV Noise",38,"edm",89.3,64.4,"63vsIUF04vVOP94Gd5qAgY","Bring It Back EP","2019-02-01","Nasty Bits","37i9dQZF1DX2VvACCrgjrt","electro house",74,10,-2.948,0,11.4,0.179,0.00399,7.34,127.978,162899,16.2040571428571
"321","7eJ8kuzJ2KyA6ahMhNnNCZ","Rave","TV Noise",42,"edm",78.9,59.9,"06onJtt2peF01uHJUEjpCC","Rave","2019-06-28","Electro House","6k45gxiQhfVqACfIdqONsC","electro house",92.6,1,-3.777,0,27.3,0.0109,0.00279,32.1,126.038,171429,11.7040571428571
"322","5SNPmUTS4RibXP9drVv7Gn","Lasers","TV Noise",41,"edm",75.9,15.1,"6IQvaIbxLEBEotc2VptKj8","Lasers","2019-05-03","Electro House","6k45gxiQhfVqACfIdqONsC","electro house",85.1,6,-3.796,1,15.8,0.02,9.41,16,125.968,177143,-33.0959428571429
"323","4VOEvTnMKGmyL4HKCervmR","Mumble","TV Noise",42,"edm",75,39.4,"4gZffbHdryXrswSDmWaTQs","Mumble","2019-11-06","Electro House","6k45gxiQhfVqACfIdqONsC","electro house",91.8,0,-2.993,1,11.9,0.0714,0.609,30.3,126.015,149524,-8.79594285714286
"324","42TdB3f6f1cQS9B2UeT6zK","Fire","TV Noise",39,"edm",75.1,44.9,"6WZGpKCnaRVUXTwrPKwdfU","Fire","2018-12-07","Electro House","6k45gxiQhfVqACfIdqONsC","electro house",88.1,4,-3.422,0,19.7,0.98,0.0151,36.5,128.016,154754,-3.29594285714286
"325","72LFgoXC3a1sOKZM7jUeTJ","Bring It Back","TV Noise",39,"edm",80.8,23.4,"63vsIUF04vVOP94Gd5qAgY","Bring It Back EP","2019-02-01","Electro House","6k45gxiQhfVqACfIdqONsC","electro house",92.5,6,-2.855,1,18.3,0.264,21.7,13.4,126.099,170516,-24.7959428571429
"326","5dMq8Gjcp66z5lnlTSpydh","808","TV Noise",34,"edm",73,25.9,"4hc8wV2tvQq1bOQ0JkKYaE","808","2018-04-27","Electro House","6k45gxiQhfVqACfIdqONsC","electro house",96.9,1,-4.34,1,11.8,0.038,17.9,15.9,127.968,154922,-22.2959428571429
"327","7fE2sOBX7OqEe41QsyFUtw","Freaky All Night","TV Noise",33,"edm",75.3,75.1,"5xOLQV9lEy1PoB2sjUhtfF","Freaky All Night","2019-08-22","Electro House","6k45gxiQhfVqACfIdqONsC","electro house",95.9,1,-2.549,1,17.9,0.549,0,27.8,126.046,154762,26.9040571428571
"328","3cx6mhzKNKpRtZ1X0SX8lT","Weird","TV Noise",29,"edm",90.7,44.5,"6diYsgZmoeWW2NVjqosnOO","Weird","2018-06-29","Electro House","6k45gxiQhfVqACfIdqONsC","electro house",91.7,1,-4.5,1,11.9,0.0716,17.5,4.48,126.039,164762,-3.69594285714286
"329","7DKMQ12cuqXs63ZnELU7OL","Rhythm","TV Noise",30,"edm",80.6,43.5,"63vsIUF04vVOP94Gd5qAgY","Bring It Back EP","2019-02-01","Electro House","6k45gxiQhfVqACfIdqONsC","electro house",82.6,11,-5.413,0,9.43,0.0176,33.2,8.15,126.024,260952,-4.69594285714286
"330","2QsXx7k1no8naCHWPx1DGi","Scream","TV Noise",29,"edm",64.9,69.1,"41nZi8ZuAkn8ahFiJDc4Jj","Scream","2018-08-17","Electro House","6k45gxiQhfVqACfIdqONsC","electro house",92.4,1,-3.422,1,5.57,0.0648,29.9,10.1,128.02,162656,20.9040571428571
"331","12avIub7BD2xuMOhyvIr08","Ratata","TV Noise",38,"edm",89.3,64.4,"63vsIUF04vVOP94Gd5qAgY","Bring It Back EP","2019-02-01","PAROOKAVILLE - Big Room","6vbHQdtfmexb0ptmBSpemm","big room",74,10,-2.948,0,11.4,0.179,0.00399,7.34,127.978,162899,16.2040571428571
"332","3MckdkpumOZiX2efM3B266","EDM O' CLOCK","TV Noise",50,"edm",80.5,19.6,"1Uep7LKPuG9SYGgwW4E86j","EDM O' CLOCK","2019-02-27","PAROOKAVILLE - Big Room","6vbHQdtfmexb0ptmBSpemm","big room",89.5,1,-3.527,1,10.9,0.159,12.4,44,126.042,148571,-28.5959428571429
"333","3t87C08isN6yw2DnWOorLm","Hannah Hunt","Vampire Weekend",62,"pop",34.5,16.4,"2Qi2SySN2ePZwMLDSv9Krn","Modern Vampires of the City","2013-05-27","Ultimate Indie Presents... Best Indie Tracks of the 2010s","37i9dQZF1DWTHM4kX49UKs","dance pop",31.3,4,-10.098,1,6.81,71.7,0.0822,10,207.969,237973,-31.7959428571429
"334","5u7JGFtQNT0Zj7TOykBS7s","White Sky","Vampire Weekend",50,"pop",57.2,90.8,"0zeAijecFGZOS4OaRdPVz5","Contra","2010-01-11","BALLARE - رقص","1CMvQ4Yr5DlYvYzI0Vc2UE","post-teen pop",68.4,9,-5.64,1,6.49,11.4,0.785,36.4,135.926,178667,42.6040571428571
"335","5dKBaysNJtfpyNTRa5lqDb","A-Punk","Vampire Weekend",69,"rock",55.1,84.2,"5oXBmKbyJeQftWMo87cQ9F","Vampire Weekend","2008-01-27","Permanent Wave","5glAD13obyL0G9SH9ukBz2","permanent wave",82.1,2,-4.489,1,5.39,1.02,4.38,15.3,174.923,137760,36.0040571428571
"336","3t87C08isN6yw2DnWOorLm","Hannah Hunt","Vampire Weekend",62,"r&b",34.5,16.4,"2Qi2SySN2ePZwMLDSv9Krn","Modern Vampires of the City","2013-05-27","Ultimate Indie Presents... Best Indie Tracks of the 2010s","37i9dQZF1DWTHM4kX49UKs","hip pop",31.3,4,-10.098,1,6.81,71.7,0.0822,10,207.969,237973,-31.7959428571429
"337","53KFMdxzi8IJDewiql1Qo3","Sunflower (feat. Steve Lacy)","Vampire Weekend",65,"r&b",86.3,93.2,"1A3nVEWRJ8yvlPzawHI1pQ","Father of the Bride","2019-05-03","Ultimate Indie Presents... Best Tracks of 2019","37i9dQZF1DWTc5QDlvD7t0","hip pop",57.6,8,-5.691,1,5.67,40.6,0.824,14.1,100.03,137600,45.0040571428571
"338","39exKIvycQDgs4T6uXdyu0","Harmony Hall","Vampire Weekend",70,"r&b",65.3,60,"1A3nVEWRJ8yvlPzawHI1pQ","Father of the Bride","2019-05-03","Ultimate Indie Presents... Best Tracks of 2019","37i9dQZF1DWTc5QDlvD7t0","hip pop",76,11,-6.086,1,4.79,47.5,0.0129,9.17,98.008,308733,11.8040571428571
"339","3V9cM3nCH2G66afoDi0snu","BOOM","X Ambassadors",62,"pop",73.2,67.6,"5YF8ms264wRnswVK1YMYmu","ORION","2019-06-14","Electropop","2Z5cPJ6Z4EVZAfF08amjvL","electropop",59.4,11,-5.911,0,6.93,0.805,3.01,8.02,107.996,164587,19.4040571428571
"340","5SiPF66MWD55UCrvVKWufG","OPTIMISTIC","X Ambassadors",46,"pop",34.6,41.6,"2zDIfEuTHRUgZHJ6hQMc5e","OPTIMISTIC","2019-08-23","Indie Poptimism (PUBLIC, The Band CAMINO, lovelytheband)","69yb02k0ZOmukYaxJXwp76","indie poptimism",92.8,0,-5.074,1,8.51,0.244,0,68.5,163.949,165593,-6.59594285714286
"341","3Tiv2bF1OLCXXnuXaDKaG3","HOLD YOU DOWN","X Ambassadors",62,"pop",57.7,44.6,"5YF8ms264wRnswVK1YMYmu","ORION","2019-06-14","2019 in Indie Poptimism","16RNbqnNCCLlBJti7JU5nc","indie poptimism",62.7,1,-5.553,0,5.33,4.91,0.000124,7.66,78.96,197933,-3.59594285714286
"342","7lGKEWMXVWWTt3X71Bv44I","Unsteady","X Ambassadors",77,"latin",38.9,19.9,"7A8fZ2jjiu5heq7wNCutKN","VHS","2015-06-30","EDM TROPICAL","3pS63EDS40FVGYL41zAcU4","tropical",66.5,0,-6.169,1,6.44,17.8,0.0732,11.6,117.055,193547,-28.2959428571429
"343","1RGsZfUwt2a6yLzL2yoj1X","Unsteady","X Ambassadors",59,"r&b",38.9,19.9,"5MEgrjkStq0JsQGO64Xvlq","VHS","2015-06-30","Urban contemporary","1ZlL3IQS8eB0s0RMxz02yD","urban contemporary",66.5,0,-6.169,1,6.44,17.8,0.0732,11.6,117.055,193547,-28.2959428571429
"344","3mau755ebHNf9B0qXAQXF9","JOYFUL","X Ambassadors",46,"r&b",25.7,11.2,"0x5Vn7tPWyACi4e02ahWEs","JOYFUL","2018-01-26","Today's Hits (Clean)","7ENISpOJhocpMJVcGb0qcT","hip pop",45.1,9,-6.577,1,3.26,9.17,0.00214,8.69,77.439,232560,-36.9959428571429
"345","7KPMoaXQRanQdxnITnAHaq","Renegades - Stash Konig Remix","X Ambassadors",49,"edm",66.3,78.9,"2sWmuESBkLPwwQzYRVekNX","Renegades (Stash Konig Remix)","2015-08-28","@deniceemoberg EDM - POP REMIXES","2fbrY1tuoW8Uji14H7623k","pop edm",69.6,7,-5.94,1,11,0.0523,0.000118,66.1,127.985,248200,30.7040571428571
"346","0c8X4ApJu6CNEXoIb5VKMo","Frontlines","Zeds Dead",58,"pop",40.7,11.9,"2LZwWAjsqA2xIldp2c6kRX","Northern Lights","2016-10-14","Indie Poptimism","2QiMewRbSavfZ9MSAYz2h6","indie poptimism",92.5,11,-4.155,0,7.47,1.13,0.25,19.2,151.993,214733,-36.2959428571429
"347","6DxT6qWd8P7ZOP5p4urTfv","Stardust","Zeds Dead",44,"pop",65.9,25.4,"2LZwWAjsqA2xIldp2c6kRX","Northern Lights","2016-10-14","Indie Poptimism","2QiMewRbSavfZ9MSAYz2h6","indie poptimism",72.9,3,-5.839,0,4.98,14.6,0.0851,8.98,121.989,258827,-22.7959428571429
"348","3SmytDq4CeZ3nKE9777qEx","Save My Grave","Zeds Dead",54,"rap",60.4,12.3,"0M5oUKrfgJtfZUKdFsC4VZ","We Are Deadbeats (Vol. 4)","2020-01-14","Trap Nation","0NCspsyf0OS4BsPgGhkQXM","trap",74.2,8,-8.101,0,3.15,1.47,0.0733,15.8,108.021,222387,-35.8959428571429
"349","606LnHssjBNoQIrxa9KTYK","Shake","Zeds Dead",49,"edm",50.1,36.6,"2S3ydN35socDKdH6ROBhfN","Shake","2019-09-10","Nasty Bits","37i9dQZF1DX2VvACCrgjrt","electro house",91.3,8,-3.68,1,6.57,0.00178,32.4,18,75.026,278400,-11.5959428571429
"350","4kbaxfwAF2FaquuDiWSkDT","Sound Of The Underground","Zeds Dead",48,"edm",67.5,19.2,"4xjytv2hkFsqSz2z8y6efp","Sound Of The Underground","2019-12-04","ELECTRO HOUSE 2020","1N5dPU0Ca9N9AwBbUeyzX5","electro house",92.5,1,-0.247,1,10.4,0.323,75.8,11.2,170.084,248480,-28.9959428571429
